DROP database IF EXISTS pokedex;
CREATE database IF NOT EXISTS pokedex CHARACTER SET utf8mb4;
USE pokedex;

CREATE TABLE pokemon (
    id_pokemon INT NOT NULL,
    nombre VARCHAR(30) NOT NULL,
    descripcion VARCHAR(200),
    peso DECIMAL(4, 1),
    altura DECIMAL(3, 1),
    metodo_evolucion ENUM('Nivel', 'Felicidad', 'Intercambio', 'Piedra fuego', 'Piedra lunar', 'Piedra trueno', 'Piedra solar', 'Piedra agua', 'Piedra hoja'),
    id_pre_evolucion INTEGER,
    CONSTRAINT pokemon_pk PRIMARY KEY (id_pokemon),
    CONSTRAINT pokemon_fk1 FOREIGN KEY (id_pre_evolucion)
        REFERENCES pokemon (id_pokemon)
        ON DELETE SET NULL ON UPDATE CASCADE
);

CREATE TABLE entrenadores (
    id_entrenador INT NOT NULL,
    nombre VARCHAR(20) NOT NULL,
    apellido1 VARCHAR(20),
    medallas INT UNSIGNED,
    rango VARCHAR(20),
    especialidad VARCHAR(40),
    CONSTRAINT entrenadores_pk PRIMARY KEY (id_entrenador)
);

CREATE TABLE captura (
    id_pokemon INT,
    id_entrenador INT,
    tipo_pokeball ENUM ('Poke Ball', 'Super Ball', 'Ultra Ball', 'Great Ball', 'Master Ball'),
    fecha_captura DATE,
    CONSTRAINT captura_pk PRIMARY KEY (id_pokemon , id_entrenador),
    CONSTRAINT captura_fk1 FOREIGN KEY (id_pokemon)
        REFERENCES pokemon (id_pokemon)
        ON DELETE RESTRICT ON UPDATE CASCADE,
    CONSTRAINT captura_fk2 FOREIGN KEY (id_entrenador)
        REFERENCES entrenadores (id_entrenador)
        ON DELETE CASCADE ON UPDATE CASCADE
);

CREATE TABLE tipos (
    id_tipo VARCHAR(2) NOT NULL,
    nombre VARCHAR(9) NOT NULL,
    CONSTRAINT tipos_pk PRIMARY KEY (id_tipo)
);

CREATE TABLE tiene_tipo (
    id_pokemon INT,
    id_tipo VARCHAR(2),
    CONSTRAINT tiene_tipo_pk PRIMARY KEY (id_pokemon , id_tipo),
    CONSTRAINT tiene_tipo_fk1 FOREIGN KEY (id_pokemon)
        REFERENCES pokemon (id_pokemon)
        ON DELETE RESTRICT ON UPDATE CASCADE,
    CONSTRAINT tiene_tipo_fk2 FOREIGN KEY (id_tipo)
        REFERENCES tipos (id_tipo)
        ON DELETE RESTRICT ON UPDATE CASCADE
);

CREATE TABLE ventaja (
    id_atacante VARCHAR(2),
    id_defensor VARCHAR(2),
    /* tres posibles valores:
		1 : el atacante tiene ventaja.
		0 : no hay ningún efecto.
		-1 : el atacante está en desventaja.
    */
    efecto SMALLINT,
    CONSTRAINT ventaja_pk PRIMARY KEY (id_atacante , id_defensor),
    CONSTRAINT efecto_limites CHECK (efecto <= 1), CHECK (efecto >= -1),
    CONSTRAINT ventaja_fk1 FOREIGN KEY (id_atacante)
        REFERENCES tipos (id_tipo)
        ON DELETE RESTRICT ON UPDATE CASCADE,
    CONSTRAINT ventaja_fk2 FOREIGN KEY (id_defensor)
        REFERENCES tipos (id_tipo)
        ON DELETE RESTRICT ON UPDATE CASCADE
);

CREATE TABLE regiones (
    id_region VARCHAR(2) NOT NULL,
    nombre VARCHAR(7) NOT NULL,
    CONSTRAINT regiones_pk PRIMARY KEY (id_region)
);

CREATE TABLE localizaciones (
    id_localizacion INT AUTO_INCREMENT NOT NULL,
    id_region VARCHAR(2),
    nombre VARCHAR(20) NOT NULL,
    CONSTRAINT localizaciones_pk PRIMARY KEY (id_localizacion),
    CONSTRAINT localizaciones_fk FOREIGN KEY (id_region)
        REFERENCES regiones (id_region)
        ON DELETE CASCADE ON UPDATE CASCADE
);

CREATE TABLE vive (
    id_pokemon INT,
    id_localizacion INT,
    CONSTRAINT vive_pk PRIMARY KEY (id_pokemon , id_localizacion),
    CONSTRAINT vive_fk1 FOREIGN KEY (id_pokemon)
        REFERENCES pokemon (id_pokemon)
        ON DELETE RESTRICT ON UPDATE CASCADE,
    CONSTRAINT vive_fk2 FOREIGN KEY (id_localizacion)
        REFERENCES localizaciones (id_localizacion)
        ON DELETE CASCADE ON UPDATE CASCADE
);

CREATE TABLE habilidades (
    id_habilidad INT AUTO_INCREMENT NOT NULL,
    nombre VARCHAR(25) NOT NULL,
    descripcion VARCHAR(130),
    CONSTRAINT habilidades_pk PRIMARY KEY (id_habilidad)
);

CREATE TABLE tiene_habilidad (
    id_pokemon INT,
    id_habilidad INT,
    CONSTRAINT tiene_habilidad_pk PRIMARY KEY (id_pokemon , id_habilidad),
    CONSTRAINT tiene_habilidad_fk1 FOREIGN KEY (id_pokemon)
        REFERENCES pokemon (id_pokemon)
        ON DELETE RESTRICT ON UPDATE CASCADE,
    CONSTRAINT tiene_habilidad_fk2 FOREIGN KEY (id_habilidad)
        REFERENCES habilidades (id_habilidad)
        ON DELETE CASCADE ON UPDATE CASCADE
);

CREATE TABLE movimientos (
    id_movimiento INT NOT NULL,
    nombre VARCHAR(15) NOT NULL,
    poder INT,
    prec INT,
    pp INT,
    efecto VARCHAR(120),
    id_tipo VARCHAR(2),
    CONSTRAINT movimientos_pk PRIMARY KEY (id_movimiento),
    CONSTRAINT movimientos_pk1 FOREIGN KEY (id_tipo)
        REFERENCES tipos (id_tipo)
        ON DELETE SET NULL ON UPDATE CASCADE
);

CREATE TABLE aprende (
    id_pokemon INT,
    id_movimiento INT,
    CONSTRAINT aprende_pk PRIMARY KEY (id_pokemon , id_movimiento),
    CONSTRAINT aprende_fk1 FOREIGN KEY (id_pokemon)
        REFERENCES pokemon (id_pokemon)
        ON DELETE RESTRICT ON UPDATE CASCADE,
    CONSTRAINT aprende_fk2 FOREIGN KEY (id_movimiento)
        REFERENCES movimientos (id_movimiento)
        ON DELETE CASCADE ON UPDATE CASCADE
);

USE pokedex;

/*Algunos pokémon se relacionan mediante evolución con otros que todavía no se han creado en ese momento en la base de datos, así que si no desactivamos la clave ajena para introducir los datos nos dará error. 
También podríamos poner en NULL esas referencias e introducirlas a posteriori con un ALTER TABLE, pero es mucho más laborioso y menos intuitivo*/
SET FOREIGN_KEY_CHECKS = 0;

-- Pokémon
INSERT INTO pokemon (id_pokemon, nombre, descripcion, peso, altura, metodo_evolucion, id_pre_evolucion) VALUES
(1, 'Bulbasaur', 'Este Pokémon nace con una semilla en el lomo, que brota con el paso del tiempo.', 6.9, 0.7, NULL, NULL),
(2, 'Ivysaur', 'La semilla en su lomo se hace más grande y pesada a medida que evoluciona.', 13.0, 1.0, 'Nivel', 1),
(3, 'Venusaur', 'Su espalda es cubierta por una flor gigante que brota al absorber rayos del sol.', 100.0, 2.0, 'Nivel', 2),
(4, 'Charmander', 'Prefiere las cosas calientes. Dicen que cuando llueve le sale vapor de la punta de la cola.', 8.5, 0.6, NULL, NULL),
(5, 'Charmeleon', 'Cuando lucha contra otro Pokémon, la llama de su cola se enciende con más fuerza.', 19.0, 1.1, 'Nivel', 4),
(6, 'Charizard', 'Su fuego es lo suficientemente caliente como para fundir piedra.', 90.5, 1.7, 'Nivel', 5),
(7, 'Squirtle', 'Tiene una concha dura en la espalda que le protege de ataques.', 9.0, 0.5, NULL, NULL),
(8, 'Wartortle', 'Cuando se esconde dentro de su concha, rota sobre sí mismo a gran velocidad.', 22.5, 1.0, 'Nivel', 7),
(9, 'Blastoise', 'Sus cañones de agua pueden disparar chorros de agua con gran precisión.', 85.5, 1.6, 'Nivel', 8),
(10, 'Caterpie', 'Para protegerse, despide un hedor horrible por las antenas con el que repele a sus enemigos.', 2.9, 0.3, NULL, NULL),
(11, 'Metapod', 'No se mueve mucho porque está preparando su cuerpo para su evolución.', 9.9, 0.7, 'Nivel', 10),
(12, 'Butterfree', 'Sus alas están cubiertas de polvo que hace dormir a sus enemigos.', 32.0, 1.1, 'Nivel', 11),
(13, 'Weedle', 'Tiene un aguijón en su cabeza que utiliza para defenderse.', 3.2, 0.3, NULL, NULL),
(14, 'Kakuna', 'Está en constante estado de alerta para protegerse de depredadores.', 10.0, 0.6, 'Nivel', 13),
(15, 'Beedrill', 'Puede volar a una velocidad de 75 km/h gracias a sus alas.', 29.5, 1.0, 'Nivel', 14),
(16, 'Pidgey', 'Su sentido de la orientación es muy agudo.', 1.8, 0.3, NULL, NULL),
(17, 'Pidgeotto', 'Su vista es tan aguda que puede ver a sus presas desde grandes alturas.', 30.0, 1.1, 'Nivel', 16),
(18, 'Pidgeot', 'Cuando vuela a máxima velocidad, emite un fuerte silbido.', 39.5, 1.5, 'Nivel', 17),
(19, 'Rattata', 'Es de hábitos nocturnos y muy activo.', 3.5, 0.3, NULL, NULL),
(20, 'Raticate', 'Su cola es larga y fuerte, y la utiliza para atacar.', 18.5, 0.7, 'Nivel', 19),
(21, 'Spearow', 'Es muy territorial y ataca a cualquier intruso en su zona.', 2.0, 0.3, NULL, NULL),
(22, 'Fearow', 'Su cuello largo y delgado le permite atacar a sus presas desde lejos.', 38.0, 1.2, 'Nivel', 21),
(23, 'Ekans', 'Puede deslizarse por el suelo sin hacer ruido gracias a su cuerpo flexible.', 6.9, 2.0, NULL, NULL),
(24, 'Arbok', 'Cuando se siente amenazado, levanta la parte superior de su cuerpo para mostrar su marca.', 65.0, 3.5, 'Nivel', 23),
(25, 'Pikachu', 'Puede almacenar energía eléctrica en sus mejillas y liberarla en fuertes descargas.', 6.0, 0.4, 'Felicidad', 172),
(26, 'Raichu', 'Puede liberar grandes cantidades de electricidad de sus mejillas.', 30.0, 0.8, 'Piedra trueno', 25),
(27, 'Sandshrew', 'Tiene una piel muy dura que le protege de los golpes.', 12.0, 0.6, NULL, NULL),
(28, 'Sandslash', 'Tiene púas muy afiladas que utiliza para defenderse.', 29.5, 1.0, 'Nivel', 27),
(29, 'Nidoran♀', 'Tiene una aguja envenenada en la parte posterior de su cuerpo.', 7.0, 0.4, NULL, NULL),
(30, 'Nidorina', 'Sus colmillos crecen constantemente. Necesita morder algo para limarlos.', 20.0, 0.8, 'Nivel', 29),
(31, 'Nidoqueen', 'Su cuerpo está cubierto de escamas duras que le protegen de los ataques.', 60.0, 1.3, 'Piedra lunar', 30),
(32, 'Nidoran♂', 'Tiene unas orejas muy sensibles que le permiten detectar peligros.', 9.0, 0.5, NULL, NULL),
(33, 'Nidorino', 'Puede cambiar el tamaño de sus puños para adaptarse al oponente.', 19.5, 0.9, 'Nivel', 32),
(34, 'Nidoking', 'Su cola puede partir el suelo como si fuera un terremoto.', 62.0, 1.4, 'Piedra lunar', 33),
(35, 'Clefairy', 'Tiene una habilidad especial que le permite caminar por paredes y techos.', 7.5, 0.6, 'Felicidad', 173),
(36, 'Clefable', 'Su piel es suave como la seda. Dicen que las personas que la tocan tienen sueños felices.', 40.0, 1.3, 'Piedra lunar', 35),
(37, 'Vulpix', 'Tiene una cola muy peluda que le protege del frío.', 9.9, 0.6, NULL, NULL),
(38, 'Ninetales', 'Su cola desprende un aroma dulce y cálido.', 19.9, 1.1, 'Piedra fuego', 37),
(39, 'Jigglypuff', 'Canta una dulce melodía que puede hacer dormir a los demás.', 5.5, 0.5, 'Felicidad', 174),
(40, 'Wigglytuff', 'Tiene un cuerpo esponjoso y flexible que le permite absorber los impactos.', 12.0, 1.0, 'Piedra lunar', 39),
(41, 'Zubat', 'Se guía por su radar de ondas ultrasonoras.', 7.5, 0.8, NULL, NULL),
(42, 'Golbat', 'Sus colmillos pueden inyectar veneno en su presa.', 55.0, 1.6, 'Nivel', 41),
(43, 'Oddish', 'Sus hojas tienen propiedades somníferas.', 5.4, 0.5, NULL, NULL),
(44, 'Gloom', 'Desprende un fuerte aroma desagradable.', 8.6, 0.8, 'Nivel', 43),
(45, 'Vileplume', 'Sus pétalos tienen propiedades alucinógenas.', 18.6, 1.2, 'Piedra solar', 44),
(46, 'Paras', 'Vive en zonas húmedas y oscuras.', 5.4, 0.3, NULL, NULL),
(47, 'Parasect', 'El hongo en su espalda ha crecido hasta consumirle.', 29.5, 1.0, 'Nivel', 46),
(48, 'Venonat', 'Su cuerpo está cubierto de una suave pelusa.', 30.0, 1.0, NULL, NULL),
(49, 'Venomoth', 'Las escamas de sus alas brillan en siete colores distintos.', 12.5, 1.5, 'Nivel', 48),
(50, 'Diglett', 'Vive bajo tierra y solo asoma la cabeza.', 0.8, 0.2, NULL, NULL),
(51, 'Dugtrio', 'Su cuerpo es pequeño, pero se mueve a gran velocidad bajo tierra.', 33.3, 0.7, 'Nivel', 50),
(52, 'Meowth', 'Es capaz de utilizar la técnica de monedas falsas.', 4.2, 0.4, NULL, NULL),
(53, 'Persian', 'Tiene un pelaje suave y brillante que le protege de los ataques.', 32.0, 1.0, 'Nivel', 52),
(54, 'Psyduck', 'Tiene dolor de cabeza constante que le hace parecer distraído.', 19.6, 0.8, NULL, NULL),
(55, 'Golduck', 'Tiene un cuello largo y una cola grande que le permiten nadar con rapidez.', 76.6, 1.7, 'Nivel', 54),
(56, 'Mankey', 'Tiene un temperamento muy agresivo y se enfada con facilidad.', 28.0, 0.5, NULL, NULL),
(57, 'Primeape', 'Se vuelve muy violento cuando se enfada, y puede arrasar ciudades enteras.', 32.0, 1.0, 'Nivel', 56),
(58, 'Growlithe', 'Tiene un excelente olfato y es muy leal a su entrenador.', 19.0, 0.7, NULL, NULL),
(59, 'Arcanine', 'Puede correr a velocidades de hasta 9450 kilómetros por hora.', 155.0, 1.9, 'Piedra fuego', 58),
(60, 'Poliwag', 'Tiene una piel húmeda y resbaladiza que le permite deslizarse por el suelo.', 12.4, 0.6, NULL, NULL),
(61, 'Poliwhirl', 'Tiene la habilidad de controlar la humedad del aire para crear una niebla densa.', 20.0, 1.0, 'Nivel', 60),
(62, 'Poliwrath', 'Puede nadar más rápido que un nadador olímpico.', 54.0, 1.3, 'Piedra agua', 61),
(63, 'Abra', 'Tiene la habilidad de leer las mentes de los demás.', 19.5, 0.9, NULL, NULL),
(64, 'Kadabra', 'Tiene la habilidad de doblar cucharas con la mente.', 56.5, 1.3, 'Nivel', 63),
(65, 'Alakazam', 'Es capaz de realizar cálculos matemáticos complicados en su cabeza.', 48.0, 1.5, 'Intercambio', 64),
(66, 'Machop', 'Su cuerpo está cubierto de músculos y es muy fuerte.', 19.5, 0.8, NULL, NULL),
(67, 'Machoke', 'Sus músculos no sólo le sirven para la fuerza, sino también para agilidad y velocidad.', 70.5, 1.5, 'Nivel', 66),
(68, 'Machamp', 'Sus cuatro brazos pueden moverse con gran destreza.', 130.0, 1.6, 'Intercambio', 67),
(69, 'Bellsprout', 'Su cuerpo es flexible y se dobla con facilidad.', 4.0, 0.7, NULL, NULL),
(70, 'Weepinbell', 'Este Pokémon está siempre buscando algo para morder, incluso si no es comestible.', 6.4, 1.0, 'Nivel', 69),
(71, 'Victreebel', 'Su olor atrae a sus presas y las atrapa con sus hojas en forma de trampa.', 15.5, 1.7, 'Piedra hoja', 70),
(72, 'Tentacool', 'Tiene tentáculos que se mueven con agilidad y rapidez.', 45.5, 0.9, NULL, NULL),
(73, 'Tentacruel', 'Este Pokémon tiene un gran número de tentáculos que utiliza para defenderse y atrapar a sus presas.', 55.0, 1.6, 'Nivel', 72),
(74, 'Geodude', 'Su cuerpo es duro como la piedra y puede rodar para atacar.', 20.0, 0.4, NULL, NULL),
(75, 'Graveler', 'Puede lanzar rocas a gran velocidad y usar su cuerpo para rodar como una bola.', 105.0, 1.0, 'Nivel', 74),
(76, 'Golem', 'Su cuerpo es increíblemente resistente y no le afecta el calor ni el frío.', 300.0, 1.4, 'Intercambio', 75),
(77, 'Ponyta', 'Es muy rápido y puede correr a gran velocidad por largos períodos.', 30.0, 1.0, NULL, NULL),
(78, 'Rapidash', 'Este Pokémon tiene una melena de fuego que se agita cuando corre a toda velocidad.', 95.0, 1.7, 'Nivel', 77),
(79, 'Slowpoke', 'Es muy lento y puede pasar días enteros durmiendo.', 36.0, 1.2, NULL, NULL),
(80, 'Slowbro', 'Este Pokémon tiene una cola de un Slowpoke atrapada en su boca, lo que aumenta su poder psíquico.', 78.5, 1.6, 'Nivel', 79),
(81, 'Magnemite', 'Puede flotar y se adhiere a otros Pokémon con sus imanes.', 6.0, 0.3, NULL, NULL),
(82, 'Magneton', 'Tres Magnemite se fusionan para formar este Pokémon de tipo Eléctrico/Metal.', 60.0, 1.0, 'Nivel', 81),
(83, 'Farfetch’d', 'Siempre lleva una hoja de puerro en su ala, que usa como arma.', 15.0, 0.8, NULL, NULL),
(84, 'Doduo', 'Tiene dos cabezas y corre a gran velocidad.', 39.2, 1.4, NULL, NULL),
(85, 'Dodrio', 'Tiene tres cabezas y es capaz de correr a una velocidad de 60 millas por hora.', 85.2, 1.8, 'Nivel', 84),
(86, 'Seel', 'Vive en regiones frías y tiene una gruesa capa de grasa para protegerse del frío.', 90.0, 1.1, NULL, NULL),
(87, 'Dewgong', 'Su cuerpo está cubierto de piel gruesa y resistente que le ayuda a resistir el frío extremo.', 120.0, 1.7, 'Nivel', 86),
(88, 'Grimer', 'Su cuerpo está hecho de una sustancia viscosa y tóxica.', 30.0, 0.9, NULL, NULL),
(89, 'Muk', 'Puede disolver cualquier cosa con la sustancia viscosa y tóxica que tiene en su cuerpo.', 30.0, 1.2, 'Nivel', 88),
(90, 'Shellder', 'Tiene una concha dura que le protege de los depredadores.', 4.0, 0.3, NULL, NULL),
(91, 'Cloyster', 'Tiene una concha dura y resistente que le permite defenderse de los ataques enemigos.', 132.5, 1.5, 'Piedra Agua', 90),
(92, 'Gastly', 'Puede pasar a través de los objetos sólidos y meterse en los sueños de la gente.', 0.1, 1.3, NULL, NULL),
(93, 'Haunter', 'Acecha a sus víctimas en la oscuridad, para luego asustarlas.', 0.1, 1.6, 'Nivel', NULL),
(94, 'Gengar', 'Se dice que nació cuando un espíritu maligno poseyó un hueso.', 40.5, 1.5, 'Intercambio', 93),
(95, 'Onix', 'Su cuerpo está hecho de roca y puede llegar a medir hasta 8.8 metros de largo.', 210.0, 8.8, NULL, NULL),
(96, 'Drowzee', 'Se dice que es capaz de hipnotizar a sus presas para luego devorar sus sueños.', 32.4, 1.0, NULL, NULL),
(97, 'Hypno', 'Se dice que su pendiente de oreja es capaz de emitir ondas hipnóticas.', 75.6, 1.6, 'Nivel', 96),
(98, 'Krabby', 'Su pinza es muy fuerte y puede romper objetos duros.', 6.5, 0.4, NULL, NULL),
(99, 'Kingler', 'Su pinza es aún más grande que el de Krabby, y es muy difícil de escapar de él.', 60.0, 1.3, 'Nivel', 98),
(100, 'Voltorb', 'Su cuerpo está hecho de energía eléctrica y puede explotar sin previo aviso.', 10.4, 0.5, NULL, NULL),
(101, 'Electrode', 'Almacena electricidad en su cuerpo y puede explotar en cualquier momento.', 66.6, 1.2, 'Nivel', 100),
(102, 'Exeggcute', 'Se compone de seis huevos que se entrelazan. Es sensible a los cambios de temperatura.', 2.5, 0.4, NULL, NULL),
(103, 'Exeggutor', 'La cabeza que tiene en el cuello también piensa y actúa por su cuenta.', 120.0, 2.0, 'Piedra hoja', 102),
(104, 'Cubone', 'Llora constantemente por su madre, que murió al nacer él.', 6.5, 0.4, NULL, NULL),
(105, 'Marowak', 'Tiene un hueso muy duro en la cola que utiliza para atacar.', 45.0, 1.0, 'Nivel', 104),
(106, 'Hitmonlee', 'Se mueve a gran velocidad y puede golpear con sus patadas en un abrir y cerrar de ojos.', 49.8, 1.5, 'Nivel', 236),
(107, 'Hitmonchan', 'Sus puños se mueven tan rápido que son difíciles de ver.', 50.2, 1.4, 'Nivel', 236),
(108, 'Lickitung', 'Tiene una lengua muy larga y pegajosa que utiliza para atrapar insectos.', 65.5, 1.2, NULL, NULL),
(109, 'Koffing', 'Emite gases tóxicos por todo el cuerpo.', 1.0, 0.6, NULL, NULL),
(110, 'Weezing', 'Tiene dos cuerpos unidos por un tubo que utiliza para expulsar gases.', 9.5, 1.2, 'Nivel', 109),
(111, 'Rhyhorn', 'Un Pokémon de tipo tierra/roca. Su piel es muy resistente y puede soportar todo tipo de ataques.', 115.0, 1.0, NULL, NULL),
(112, 'Rhydon', 'Un Pokémon de tipo tierra/roca. Su cuerpo es tan duro como una roca. Puede arrasar una ciudad entera con un solo ataque.', 120.0, 1.9, 'Nivel', 111),
(113, 'Chansey', 'Tiene un gran saco en el vientre que utiliza para curar a otros Pokémon.', 34.6, 1.1, NULL, NULL),
(114, 'Tangela', 'Este Pokémon de tipo planta es muy fuerte y resistente gracias a sus largas lianas.', 35.0, 1.0, NULL, NULL),
(115, 'Kangaskhan', 'Las crías de Kangaskhan viven en la bolsa de su madre.', 80.0, 2.2, NULL, NULL),
(116, 'Horsea', 'Vive en aguas poco profundas y se alimenta de insectos y plantas.', 8.0, 0.4, NULL, NULL),
(117, 'Seadra', 'La bolsa de veneno que tiene en la cola es tan fuerte que puede matar a un elefante.', 25.0, 1.2, 'Intercambio', 116),
(118, 'Goldeen', 'Vive en ríos y lagos y tiene una larga aleta dorsal que es muy llamativa.', 15.0, 0.6, NULL, NULL),
(119, 'Seaking', 'Es capaz de nadar a gran velocidad gracias a sus aletas. Puede saltar sobre la superficie del agua.', 39.0, 1.3, 'Nivel', 118),
(120, 'Staryu', 'Puede regenerar sus extremidades perdidas y reproducirse por sí solo.', 34.5, 0.8, NULL, NULL),
(121, 'Starmie', 'Este Pokémon de tipo agua/psíquico es capaz de lanzar ondas de choque que pueden destruir rocas.', 80.0, 1.1, 'Piedra agua', 120),
(122, 'Mr. Mime', 'Un Pokémon de tipo psíquico/hada. Puede crear barreras psíquicas para protegerse de los ataques.', 54.5, 1.3, NULL, NULL),
(123, 'Scyther', 'Sus cuchillas son tan afiladas que pueden cortar un tronco de árbol.', 56.0, 1.5, NULL, NULL),
(124, 'Jynx', 'Su canto hipnótico puede dejar a sus enemigos paralizados.', 40.6, 1.4, 'Nivel', 238),
(125, 'Electabuzz', 'Puede descargar una carga eléctrica de más de 10 000 voltios.', 30.0, 1.1, 'Nivel', 239),
(126, 'Magmar', 'Su cuerpo es tan caliente que incluso las llamas más intensas no le afectan.', 44.5, 1.3, 'Nivel', 240),
(127, 'Pinsir', 'Este Pokémon es un gran fan de las cosas duras. No es raro encontrarlo golpeando troncos y rocas con sus afiladas garras.', 55.0, 1.5, NULL, NULL),
(128, 'Tauros', 'Este Pokémon es un toro enfurecido en constante estado de lucha. Nunca retrocede ante un desafío.', 88.4, 1.4, NULL, NULL),
(129, 'Magikarp', 'Es considerado uno de los Pokémon más inútiles debido a su falta de habilidades de lucha. Solo puede saltar y salpicar.', 10.0, 0.9, NULL, NULL),
(130, 'Gyarados', 'Este Pokémon es conocido por su naturaleza violenta y su capacidad para destruir ciudades enteras con su poderosa mandíbula.', 235.0, 6.5, 'Nivel', 129),
(131, 'Lapras', 'Es conocido por su naturaleza amable y su capacidad para transportar a las personas sobre su espalda.', 220.0, 2.5, NULL, NULL),
(132, 'Ditto', 'Este Pokémon puede cambiar su forma y transformarse en cualquier otro Pokémon, pero su cara siempre es la misma.', 4.0, 0.3, NULL, NULL),
(133, 'Eevee', 'Puede evolucionar en ocho formas diferentes dependiendo de las circunstancias.', 6.5, 0.3, NULL, NULL),
(134, 'Vaporeon', 'Es capaz de convertir su cuerpo en agua y fundirse con ella para evitar ataques.', 29.0, 1.0, 'Piedra agua', 133),
(135, 'Jolteon', 'Puede absorber electricidad y convertirla en energía para sus propios ataques.', 24.5, 0.8, 'Piedra trueno', 133),
(136, 'Flareon', 'Su pelaje se enciende en llamas cuando se enoja.', 25.0, 0.9, 'Piedra fuego', 133),
(137, 'Porygon', 'Este Pokémon está hecho completamente de código de computadora. Puede moverse libremente a través de la red.', 36.5, 0.8, NULL, NULL),
(138, 'Omanyte', 'Un Pokémon de tipo roca/agua. Se cree que este Pokémon es una especie antigua que vivió en mares poco profundos.', 7.5, 0.4, NULL, NULL),
(139, 'Omastar', 'Este Pokémon es capaz de moverse sobre tierra y bajo el agua gracias a sus tentáculos. Tiene un caparazón resistente.', 35.0, 1.0, 'Nivel', 138),
(140, 'Kabuto', 'Un Pokémon de tipo roca/agua. Es capaz de revivir a partir de fósiles.', 11.5, 0.5, NULL, NULL),
(141, 'Kabutops', 'Un Pokémon de tipo roca/agua. Tiene cuchillas afiladas en sus brazos que utiliza para atacar.', 40.5, 1.3, 'Nivel', 140),
(142, 'Aerodactyl', 'Un Pokémon de tipo roca/volador. Es un feroz depredador que vivió en la era prehistórica.', 59.0, 1.8, NULL, NULL),
(143, 'Snorlax', 'Es muy dormilón y come grandes cantidades de comida.', 460.0, 2.1, NULL, 446),
(144, 'Articuno', 'Un Pokémon legendario de tipo hielo/volador. Es capaz de controlar el hielo y las nevadas.', 55.4, 1.7, NULL, NULL),
(145, 'Zapdos', 'Un Pokémon legendario de tipo eléctrico/volador. Es capaz de lanzar rayos y desencadenar tormentas eléctricas.', 52.6, 1.6, NULL, NULL),
(146, 'Moltres', 'Un Pokémon legendario de tipo fuego/volador. Su cuerpo es capaz de generar llamas intensas.', 60.0, 2.0, NULL, NULL),
(147, 'Dratini', 'Un Pokémon de tipo dragón. Su cuerpo es muy fino y largo, y puede llegar a medir varios metros de longitud.', 3.3, 1.8, NULL, NULL),
(148, 'Dragonair', 'Un Pokémon de tipo dragón. Tiene un cuerpo largo y elegante, y es capaz de controlar el viento y el agua.', 16.5, 4.0, 'Nivel', 147),
(149, 'Dragonite', 'Un Pokémon de tipo dragón/volador. Es capaz de volar a altas velocidades y tiene una gran fuerza física.', 210.0, 2.2, 'Nivel', 148),
(150, 'Mewtwo', 'Un Pokémon legendario de tipo psíquico. Es uno de los Pokémon más poderosos que existen.', 122.0, 2.0, NULL, NULL),
(151, 'Mew', 'Un Pokémon legendario de tipo psíquico. Se dice que posee el ADN de todos los Pokémon.', 4.0, 0.4, NULL, NULL),
(152, 'Chikorita', 'Sus hojas en el cuello brillan en sintonía con su estado de ánimo.', 6.4, 0.9, NULL, NULL),
(153, 'Bayleef', 'Sus hojas son más grandes que las de Chikorita y emiten un olor agradable.', 15.8, 1.2, 'Nivel', 152),
(154, 'Meganium', 'Sus hojas exudan un aroma relajante y curativo.', 100.5, 1.8, 'Nivel', 153),
(155, 'Cyndaquil', 'Puede producir llamas de hasta 900 grados Celsius.', 7.9, 0.5, NULL, NULL),
(156, 'Quilava', 'Cuando está en peligro, el fuego en su lomo arde con más fuerza.', 19.0, 0.9, 'Nivel', 155),
(157, 'Typhlosion', 'Puede crear explosiones que desencadenan terremotos.', 79.5, 1.7, 'Nivel', 156),
(158, 'Totodile', 'Tiene una mandíbula poderosa que le permite morder con gran fuerza.', 9.5, 0.6, NULL, NULL),
(159, 'Croconaw', 'Su mandíbula se hace más fuerte y poderosa a medida que evoluciona.', 25.0, 1.1, 'Nivel', 158),
(160, 'Feraligatr', 'Tiene una mandíbula extremadamente poderosa que puede triturar hierros.', 88.8, 2.3, 'Nivel', 159),
(161, 'Sentret', 'Siempre está buscando alimento, incluso mientras corre.', 6.0, 0.8, NULL, NULL),
(162, 'Furret', 'Es capaz de correr a una velocidad de 90 kilómetros por hora.', 32.5, 1.8, 'Nivel', 161),
(163, 'Hoothoot', 'Tiene la capacidad de girar la cabeza 360 grados.', 21.2, 0.7, NULL, NULL),
(164, 'Noctowl', 'Tiene una gran capacidad para memorizar cosas.', 40.8, 1.6, 'Nivel', 163),
(165, 'Ledyba', 'Puede comunicarse con otros Ledyba a través de la luz que emite.', 10.8, 1.0, NULL, NULL),
(166, 'Ledian', 'Las luces que emite en sus alas se pueden ver desde muy lejos.', 35.6, 1.4, 'Nivel', 165),
(167, 'Spinarak', 'Es experto en tejer telarañas.', 8.5, 0.5, NULL, NULL),
(168, 'Ariados', 'Tiene unas patas muy largas y finas que le permiten caminar sobre el agua.', 33.5, 1.1, 'Nivel', 167),
(169, 'Crobat', 'Es el único Pokémon que puede volar mientras duerme.', 75.0, 1.8, 'Felicidad',  42),
(170, 'Chinchou', 'Puede iluminar su alrededor con las antenas que tiene en la cabeza.', 12.0, 0.5, NULL, NULL),
(171, 'Lanturn', 'La luz que emite de sus antenas es lo suficientemente fuerte como para iluminar el fondo del mar.', 22.5, 1.2, 'Nivel',  171),
(172, 'Pichu', 'Puede almacenar electricidad en las bolsas de sus mejillas.', 2.0, 0.3, NULL, NULL),
(173, 'Cleffa', 'Su cuerpo es suave y esponjoso, lo que lo hace muy querido por los niños pequeños.', 3.0, 0.3, NULL, NULL),
(174, 'Igglybuff', 'Sus canciones suaves pueden hacer dormir a cualquiera.', 1.0, 0.3, NULL, NULL),
(175, 'Togepi', 'Su cáscara es dura, pero puede volver a crecer si se rompe.', 1.5, 0.3, NULL, NULL),
(176, 'Togetic', 'Un Pokémon de tipo hada/volador. Suaviza los corazones de las personas con su dulce canto.', 3.2, 0.6, 'Felicidad',  175),
(177, 'Natu', 'Siempre mira el sol. Si se le impide mirar al sol, se siente mal.', 2.0, 0.2, NULL, NULL),
(178, 'Xatu', 'Dicen que cuando este Pokémon expande sus alas, el sol se oscurece.', 15.0, 1.5, 'Nivel', 177),
(179, 'Mareep', 'Su lana está cargada de electricidad estática.', 7.8, 0.6, NULL, NULL),
(180, 'Flaaffy', 'La electricidad acumulada en su cuerpo aumenta a medida que crece su lana.', 13.3, 0.8, 'Nivel', 179),
(181, 'Ampharos', 'La electricidad que acumula en su cuerpo puede iluminar una casa durante todo el día.', 61.5, 1.4, 'Nivel', 180),
(182, 'Bellossom', 'Evoluciona de Gloom cuando se expone a una Piedra Solar.', 5.8, 0.4, 'Piedra solar', 44),
(183, 'Marill', 'Su cola es esponjosa y blanda, pero tiene una gran fuerza.', 8.5, 0.4, NULL, NULL),
(184, 'Azumarill', 'Si recibe una fuerte sacudida, los agujeros de sus orejas emiten aire comprimido y le permiten saltar más alto.', 28.5, 0.8, 'Nivel', 183),
(185, 'Sudowoodo', 'Un Pokémon de tipo roca. Se disfraza de árbol para evitar ser atacado.', 38.0, 1.2, NULL, NULL),
(186, 'Politoed', 'Se dice que su canto causa lluvias.', 33.9, 1.1, 'Intercambio', 61),
(187, 'Hoppip', 'Es tan ligero que si sopla el viento fuerte, puede ser arrastrado.', 0.5, 0.4, NULL, NULL),
(188, 'Skiploom', 'El viento le lleva de aquí para allá. Si está contento, brinca de alegría.', 1.0, 0.6, 'Nivel', 187),
(189, 'Jumpluff', 'Su pelusa blanca es liviana y flota en el viento.', 3.0, 0.8, 'Nivel', 188),
(190, 'Aipom', 'Puede usar su cola para trepar árboles y agarrar objetos.', 11.5, 0.8, NULL, NULL),
(191, 'Sunkern', 'Necesita absorber luz solar para sobrevivir.', 1.8, 0.3, NULL, NULL),
(192, 'Sunflora', 'Sigue el sol a medida que se mueve durante el día.', 8.5, 0.8, 'Piedra solar', 191),
(193, 'Yanma', 'Puede girar su cabeza 360 grados para buscar en todas las direcciones.', 38.0, 1.2, NULL, NULL),
(194, 'Wooper', 'Puede vivir en agua o en tierra.', 8.5, 0.4, NULL, NULL),
(195, 'Quagsire', 'Cuando nada, ondula su cuerpo para desplazarse.', 75.0, 1.4, 'Nivel', 194),
(196, 'Espeon', 'Puede predecir los movimientos de su oponente leyendo sus ondas cerebrales.', 26.5, 0.9, 'Felicidad', 133),
(197, 'Umbreon', 'Puede volverse invisible en la oscuridad total.', 27.0, 1.0, 'Felicidad', 133),
(198, 'Murkrow', 'Si ve algo brillante, lo robará para añadirlo a su colección.', 2.1, 0.5, NULL, NULL),
(199, 'Slowking', 'La concha en su cabeza es un remanente de su evolución pasada.', 79.5, 2.0, 'Intercambio', 80),
(200, 'Misdreavus', 'Un Pokémon de tipo fantasma. Le gusta jugar bromas a la gente.', 1.0, 0.7, NULL, NULL),
(201, 'Unown', 'Puede cambiar de forma para representar las 26 letras del alfabeto.', 5.0, 0.5, NULL, NULL),
(202, 'Wobbuffet', 'Si se siente amenazado, contraatacará con un fuerte golpe.', 28.5, 1.3, NULL, NULL),
(203, 'Girafarig', 'Un Pokémon de tipo normal y psíquico. Tiene un segundo cerebro en su cola que funciona independientemente.', 41.5, 1.5, NULL, NULL),
(204, 'Pineco', 'Un Pokémon de tipo bicho. Usa su cuerpo duro como protección y ataca rodando como una bola.', 7.2, 0.6, NULL, NULL),
(205, 'Forretress', 'Un Pokémon de tipo bicho y acero. Puede enrollarse en una bola y rodar para atacar.', 125.8, 1.2, 'Nivel', 204),
(206, 'Dunsparce', 'Usa sus afiladas garras para excavar túneles y cazar.', 14.0, 1.5, NULL, NULL),
(207, 'Gligar', 'Un Pokémon de tipo tierra y volador. Puede volar en picado y atacar a sus presas con su aguijón venenoso.', 64.8, 1.1, NULL, NULL),
(208, 'Steelix', 'Un Pokémon de tipo acero y tierra. Puede excavar túneles subterráneos de gran longitud.', 400.0, 9.2, 'Intercambio', 95),
(209, 'Snubbull', 'A pesar de su aspecto intimidante, es un Pokémon amistoso que disfruta jugando.', 7.8, 0.6, NULL, NULL),
(210, 'Granbull', 'Es muy territorial y protege a su manada con ferocidad.', 48.7, 1.4, 'Nivel', 209),
(211, 'Qwilfish', 'Tiene espinas venenosas por todo el cuerpo que lanza a sus enemigos.', 3.9, 0.5, NULL, NULL),
(212, 'Scizor', 'Puede cortar el acero con sus pinzas. Es el resultado de la megaevolución de Scyther.', 118.0, 1.8, 'Intercambio', 123),
(213, 'Shuckle', 'Tiene la defensa más alta de todos los Pokémon, pero su ataque es muy bajo.', 20.5, 0.6, NULL, NULL),
(214, 'Heracross', 'Usa sus cuernos para defenderse y para trepar por los árboles.', 54.0, 1.5, NULL, NULL),
(215, 'Sneasel', 'Es muy astuto y puede robar objetos sin ser detectado.', 28.0, 0.9, NULL, NULL),
(216, 'Teddiursa', 'Se encuentra en los bosques y montañas.', 8.8, 0.6, NULL, NULL),
(217, 'Ursaring', 'Es muy territorial y protege su territorio con fiereza.', 125.8, 1.8, 'Felicidad', 216),
(218, 'Slugma', 'Siempre está emitiendo humo y ceniza caliente.', 35.0, 0.7, NULL, NULL),
(219, 'Magcargo', 'Su cuerpo está cubierto de lava solidificada.', 55.0, 0.8, 'Nivel', 218),
(220, 'Swinub', 'Usa su nariz para encontrar raíces y bayas en la nieve.', 6.5, 0.4, NULL, NULL),
(221, 'Piloswine', 'Tiene un pelaje espeso que lo protege del frío.', 55.8, 1.1, 'Felicidad', 220),
(222, 'Corsola', 'Es un Pokémon coral que vive en los arrecifes.', 5.0, 0.6, NULL, NULL),
(223, 'Remoraid', 'Vive en manadas en los ríos y lagos.', 12.0, 0.6, NULL, NULL),
(224, 'Octillery', 'Tiene una gran habilidad para expulsar agua a alta presión.', 28.5, 0.9, 'Nivel', 223),
(225, 'Delibird', 'Entrega regalos alegremente con su gran pico.', 16.0, 0.9, NULL, NULL),
(226, 'Mantine', 'Vuela en las corrientes de aire gracias a sus grandes alas.', 220.0, 2.1, NULL, NULL),
(227, 'Skarmory', 'Tiene un cuerpo resistente como el acero.', 50.5, 1.7, NULL, NULL),
(228, 'Houndour', 'Vive en manadas y trabaja en equipo para cazar.', 10.8, 0.6, NULL, NULL),
(229, 'Houndoom', 'Sus llamas ardientes tienen un intenso poder de combustión.', 35.0, 1.4, 'Nivel', 228),
(230, 'Kingdra', 'Puede disparar poderosas ráfagas de agua desde sus fosas nasales.', 152.0, 1.8, 'Intercambio', 117),
(231, 'Phanpy', 'Tiene un olfato muy desarrollado que le permite detectar objetos enterrados en la tierra.', 33.5, 0.5, NULL, NULL),
(232, 'Donphan', 'Puede enrollarse en una bola y rodar a gran velocidad para atacar a sus oponentes.', 120.0, 1.1, 'Nivel', 231),
(233, 'Porygon2', 'Es una versión mejorada de Porygon gracias a una evolución con ayuda de software.', 32.5, 0.6, 'Intercambio', 137),
(234, 'Stantler', 'Sus astas le permiten detectar y controlar las emociones de otros Pokémon.', 71.2, 1.4, NULL, NULL),
(235, 'Smeargle', 'Puede copiar los movimientos de otros Pokémon gracias a su habilidad única.', 58.0, 1.2, NULL, NULL),
(236, 'Tyrogue', 'Se entrena para mejorar su fuerza física.', 21.0, 0.7, NULL, NULL),
(237, 'Hitmontop', 'Gira sobre sí mismo mientras pelea, usando sus piernas para dar patadas.', 48.0, 1.4, 'Nivel', 236),
(238, 'Smoochum', 'Un Pokémon de tipo hielo y psíquico. Su beso es tan frío que puede dejar congelado al objetivo.', 6.0, 0.4, NULL, NULL),
(239, 'Elekid', 'Genera electricidad en su cuerpo y la lanza por sus puños.', 23.5, 0.6, NULL, NULL),
(240, 'Magby', 'Su cuerpo emana calor constante.', 21.4, 0.7, NULL, NULL),
(241, 'Miltank', 'Produce leche de gran calidad que es muy apreciada por los humanos.', 75.5, 1.2, NULL, NULL),
(242, 'Blissey', 'Cuida con gran dedicación a los demás, incluso a los que están en mal estado.', 46.8, 1.5, 'Felicidad', 113),
(243, 'Raikou', 'Posee una velocidad asombrosa, lo que le permite recorrer grandes distancias en un instante.', 178.0, 1.9, NULL, NULL),
(244, 'Entei', 'Posee una fuerza descomunal y una resistencia a las llamas que desafía la lógica.', 198.0, 2.1, NULL, NULL),
(245, 'Suicune', 'Un Pokémon legendario de tipo agua. Es capaz de purificar el agua contaminada con un solo soplo.', 187.0, 2.0, NULL, NULL),
(246, 'Larvitar', 'Un Pokémon de tipo roca y tierra. Vive en cuevas y se alimenta de rocas.', 72.0, 0.6, NULL, NULL),
(247, 'Pupitar', 'Un Pokémon de tipo roca y tierra. Se envuelve en un capullo de rocas para proteger su cuerpo.', 152.0, 1.2, 'Nivel', 246),
(248, 'Tyranitar', 'Un Pokémon de tipo roca y oscuro. Es muy fuerte y puede causar terremotos con sus patadas.', 202.0, 2.0, 'Nivel', 247),
(249, 'Lugia', 'Un Pokémon legendario de tipo psíquico y volador. Es conocido por su habilidad para calmair las tormentas.', 216.0, 5.2, NULL, NULL),
(250, 'Ho-Oh', 'Un Pokémon legendario de tipo fuego/volador. Se dice que posee la habilidad de revivir a los muertos.', 199.0, 3.8, NULL, NULL),
(251, 'Celebi', 'Un Pokémon legendario de tipo psíquico/planta. Se dice que tiene el poder de viajar en el tiempo.', 5.0, 0.6, NULL, NULL);

-- Volvemos a activar las comprobaciones de clave ajena, que no queremos líos
SET FOREIGN_KEY_CHECKS = 1;

-- Tipos
INSERT INTO tipos (id_tipo, nombre) VALUES
('NO', 'Normal'),
('FU', 'Fuego'),
('AG', 'Agua'),
('PL', 'Planta'),
('EL', 'Eléctrico'),
('HI', 'Hielo'),
('LU', 'Lucha'),
('VE', 'Veneno'),
('TI', 'Tierra'),
('VO', 'Volador'),
('PS', 'Psíquico'),
('BI', 'Bicho'),
('RO', 'Roca'),
('FA', 'Fantasma'),
('DR', 'Dragón'),
('SI', 'Siniestro'),
('AC', 'Acero');


-- Insertamos los registros en la tabla "tiene_tipo" relacionando cada Pokémon con sus tipos correspondientes
INSERT INTO tiene_tipo (id_pokemon, id_tipo) VALUES
(1, 'PL'), -- Bulbasaur - Planta / Veneno
(1, 'VE'), -- Bulbasaur - Planta / Veneno
(2, 'PL'), -- Ivysaur - Planta / Veneno
(2, 'VE'), -- Ivysaur - Planta / Veneno
(3, 'PL'), -- Venusaur - Planta / Veneno
(3, 'VE'), -- Venusaur - Planta / Veneno
(4, 'FU'), -- Charmander - Fuego
(5, 'FU'), -- Charmeleon - Fuego
(6, 'FU'), -- Charizard - Fuego / Volador
(6, 'VO'), -- Charizard - Fuego / Volador
(7, 'AG'), -- Squirtle - Agua
(8, 'AG'), -- Wartortle - Agua
(9, 'AG'), -- Blastoise - Agua
(10, 'BI'), -- Caterpie - Bicho
(11, 'BI'), -- Metapod - Bicho
(12, 'BI'), -- Butterfree - Bicho / Volador
(12, 'VO'), -- Butterfree - Bicho / Volador
(13, 'VE'), -- Weedle - Veneno / Bicho
(13, 'BI'), -- Weedle - Veneno / Bicho
(14, 'VE'), -- Kakuna - Veneno / Bicho
(14, 'BI'), -- Kakuna - Veneno / Bicho
(15, 'VE'), -- Beedrill - Veneno / Bicho
(15, 'BI'), -- Beedrill - Veneno / Bicho
(16, 'NO'), -- Pidgey - Normal / Volador
(16, 'VO'), -- Pidgey - Normal / Volador
(17, 'NO'), -- Pidgeotto - Normal / Volador
(17, 'VO'), -- Pidgeotto - Normal / Volador
(18, 'NO'), -- Pidgeot - Normal / Volador
(18, 'VO'), -- Pidgeot - Normal / Volador
(19, 'NO'), -- Rattata - Normal
(20, 'NO'), -- Raticate - Normal
(21, 'NO'), -- Spearow - Normal / Volador
(21, 'VO'),
(22, 'NO'), -- Fearow - Normal / Volador
(22, 'VO'),
(23, 'VE'), -- Ekans - Veneno
(24, 'VE'), -- Arbok - Veneno
(25, 'EL'), -- Pikachu - Eléctrico
(26, 'EL'), -- Raichu - Eléctrico
(27, 'TI'), -- Sandshrew - Tierra
(28, 'TI'), -- Sandslash - Tierra
(29, 'VE'), -- Nidoran♀ - Veneno
(30, 'VE'), -- Nidorina - Veneno
(31, 'VE'), -- Nidoqueen - Veneno / Tierra
(31, 'TI'),
(32, 'VE'), -- Nidoran♂ - Veneno
(33, 'VE'), -- Nidorino - Veneno
(34, 'VE'), -- Nidoking - Veneno / Tierra
(34, 'TI'),
(35, 'NO'), -- Clefairy - Normal
(36, 'NO'), -- Clefable - Normal
(37, 'FU'), -- Vulpix - Fuego
(38, 'FU'), -- Ninetales - Fuego
(39, 'NO'), -- Jigglypuff - Normal
(40, 'NO'), -- Wigglytuff - Normal
(41, 'VE'), -- Zubat - Veneno / Volador
(41, 'VO'),
(42, 'VE'), -- Golbat - Veneno / Volador
(42, 'VO'),
(43, 'PL'), -- Oddish - Planta / Veneno
(43, 'VE'),
(44, 'PL'), -- Gloom - Planta / Veneno
(44, 'VE'),
(45, 'PL'), -- Vileplume - Planta / Veneno
(45, 'VE'),
(46, 'BI'), -- Paras - Bicho / Planta
(46, 'PL'),
(47, 'BI'), -- Parasect - Bicho / Planta
(47, 'PL'),
(48, 'BI'), -- Venonat - Bicho / Veneno
(48, 'VE'),
(49, 'BI'), -- Venomoth - Bicho / Veneno
(49, 'VE'),
(50, 'TI'), -- Diglett - Tierra
(51, 'TI'), -- Dugtrio - Tierra
(52, 'NO'), -- Meowth - Normal
(53, 'NO'), -- Persian - Normal
(54, 'AG'), -- Psyduck - Agua
(55, 'AG'), -- Golduck - Agua
(56, 'LU'), -- Mankey - Lucha
(57, 'LU'), -- Primeape - Lucha
(58, 'FU'), -- Growlithe - Fuego
(59, 'FU'), -- Arcanine - Fuego
(60, 'AG'), -- Poliwag - Agua
(61, 'AG'), -- Poliwhirl - Agua
(62, 'AG'), -- Poliwrath - Agua / Lucha
(62, 'LU'),
(63, 'PS'), -- Abra - Psíquico
(64, 'PS'), -- Kadabra - Psíquico
(65, 'PS'), -- Alakazam - Psíquico
(66, 'LU'), -- Machop - Lucha
(67, 'LU'), -- Machoke - Lucha
(68, 'LU'), -- Machamp - Lucha
(69, 'PL'), -- Bellsprout - Planta / Veneno
(69, 'VE'),
(70, 'PL'), -- Weepinbell - Planta / Veneno
(70, 'VE'),
(71, 'PL'), -- Victreebel - Planta / Veneno
(71, 'VE'),
(72, 'AG'), -- Tentacool - Agua / Veneno
(72, 'VE'),
(73, 'AG'), -- Tentacruel - Agua / Veneno
(73, 'VE'),
(74, 'RO'), -- Geodude - Roca / Tierra
(74, 'TI'),
(75, 'RO'), -- Graveler - Roca / Tierra
(75, 'TI'),
(76, 'RO'), -- Golem - Roca / Tierra
(76, 'TI'),
(77, 'FU'), -- Ponyta - Fuego
(78, 'FU'), -- Rapidash - Fuego
(79, 'AG'), -- Slowpoke - Agua / Psíquico
(79, 'PS'),
(80, 'AG'), -- Slowbro - Agua / Psíquico
(80, 'PS'),
(81, 'EL'), -- Magnemite - Eléctrico / Acero
(81, 'AC'),
(82, 'EL'), -- Magneton - Eléctrico / Acero
(82, 'AC'),
(83, 'NO'), -- Farfetch'd - Normal / Volador
(83, 'VO'),
(84, 'NO'), -- Doduo - Normal / Volador
(84, 'VO'),
(85, 'RO'), -- Dodrio - Normal / Volador
(85, 'VO'),
(86, 'AG'), -- Seel - Agua
(87, 'HI'), -- Dewgong - Agua / Hielo
(87, 'AG'),
(88, 'VE'), -- Grimer - Veneno
(89, 'VE'), -- Muk - Veneno
(90, 'AG'), -- Shellder - Agua
(91, 'HI'), -- Cloyster - Agua / Hielo
(91, 'AG'),
(92, 'FA'), -- Gastly - Fantasma / Veneno
(92, 'VE'),
(93, 'FA'), -- Haunter - Fantasma / Veneno
(93, 'VE'),
(94, 'FA'), -- Gengar - Fantasma / Veneno
(94, 'VE'),
(95, 'RO'), -- Onix - Roca / Tierra
(95, 'TI'),
(96, 'PS'), -- Drowzee - Psíquico
(97, 'PS'), -- Hypno - Psíquico
(98, 'AG'), -- Krabby - Agua
(99, 'AG'), -- Kingler - Agua
(100, 'EL'), -- Voltorb - Eléctrico
(101, 'EL'), -- Electrode - Eléctrico
(102, 'PL'), -- Exeggcute - Planta / Psíquico
(102, 'PS'),
(103, 'PL'), -- Exeggutor - Planta / Psíquico
(103, 'PS'),
(104, 'TI'), -- Cubone - Tierra
(105, 'TI'), -- Marowak - Tierra
(106, 'LU'), -- Hitmonlee - Lucha
(107, 'LU'), -- Hitmonchan - Lucha
(108, 'NO'), -- Lickitung - Normal
(109, 'VE'), -- Koffing - Veneno
(110, 'VE'), -- Weezing - Veneno
(111, 'RO'), -- Rhyhorn - Tierra / Roca
(111, 'TI'),
(112, 'RO'), -- Rhydon - Tierra / Roca
(112, 'TI'),
(113, 'NO'), -- Chansey - Normal
(114, 'PL'), -- Tangela - Planta
(115, 'NO'), -- Kangaskhan - Normal
(116, 'AG'), -- Horsea - Agua
(117, 'AG'), -- Seadra - Agua
(118, 'AG'), -- Goldeen - Agua
(119, 'AG'), -- Seaking - Agua
(120, 'AG'), -- Staryu - Agua
(121, 'AG'), -- Starmie - Agua / Psíquico
(121, 'PS'),
(122, 'PS'), -- Mr. Mime - Psíquico
(123, 'BI'), -- Scyther - Bicho / Volador
(123, 'VO'),
(124, 'HI'), -- Jynx - Hielo / Psíquico
(124, 'PS'),
(125, 'EL'), -- Electabuzz - Eléctrico
(126, 'FU'), -- Magmar - Fuego
(127, 'BI'), -- Pinsir - Bicho
(128, 'NO'), -- Tauros - Normal
(129, 'AG'), -- Magikarp - Agua
(130, 'AG'), -- Gyarados - Agua / Volador
(130, 'VO'),
(131, 'AG'), -- Lapras - Agua / Hielo
(131, 'HI'),
(132, 'NO'), -- Ditto - Normal
(133, 'NO'), -- Eevee - Normal
(134, 'AG'), -- Vaporeon - Agua
(135, 'EL'), -- Jolteon - Eléctrico
(136, 'FU'), -- Flareon - Fuego
(137, 'NO'), -- Porygon - Normal
(138, 'AG'), -- Omanyte - Roca / Agua
(138, 'RO'),
(139, 'AG'), -- Omastar - Roca / Agua
(139, 'RO'),
(140, 'RO'), -- Kabuto - Roca / Agua
(140, 'AG'),
(141, 'RO'), -- Kabutops - Roca / Agua
(141, 'AG'),
(142, 'RO'), -- Aerodactyl - Roca / Volador
(142, 'VO'),
(143, 'NO'), -- Snorlax - Normal
(144, 'HI'), -- Articuno - Hielo / Volador
(144, 'VO'),
(145, 'EL'), -- Zapdos - Eléctrico / Volador
(145, 'VO'),
(146, 'FU'), -- Moltres - Fuego / Volador
(146, 'VO'),
(147, 'DR'), -- Dratini - Dragón
(148, 'DR'), -- Dragonair - Dragón
(149, 'DR'), -- Dragonite - Dragón / Volador
(149, 'VO'),
(150, 'PS'), -- Mewtwo - Psíquico
(151, 'PS'), -- Mew - Psíquico
(152, 'PL'), -- Chikorita - Planta
(153, 'PL'), -- Bayleef - Planta
(154, 'PL'), -- Meganium - Planta
(155, 'FU'), -- Cyndaquil - Fuego
(156, 'FU'), -- Quilava - Fuego
(157, 'FU'), -- Typhlosion - Fuego
(158, 'AG'), -- Totodile - Agua
(159, 'AG'), -- Croconaw - Agua
(160, 'AG'), -- Feraligatr - Agua
(161, 'NO'), -- Sentret - Normal
(162, 'NO'), -- Furret - Normal
(163, 'NO'), -- Hoothoot - Normal / Volador
(163, 'VO'),
(164, 'BI'), -- Noctowl - Normal / Volador
(164, 'VO'),
(165, 'BI'), -- Ledyba - Bicho / Volador
(165, 'VO'), -- Ledyba - Bicho / Volador
(166, 'BI'), -- Ledian - Bicho / Volador
(166, 'VO'), -- Ledian - Bicho / Volador
(167, 'VE'), -- Spinarak - Veneno / Bicho
(167, 'BI'), -- Spinarak - Veneno / Bicho
(168, 'VE'), -- Ariados - Veneno / Bicho
(168, 'BI'), -- Ariados - Veneno / Bicho
(169, 'VE'), -- Crobat - Veneno / Volador
(169, 'VO'), -- Crobat - Veneno / Volador
(170, 'AG'), -- Chinchou - Agua / Eléctrico
(170, 'EL'), -- Chinchou - Agua / Eléctrico
(171, 'AG'), -- Lanturn - Agua / Eléctrico
(171, 'EL'), -- Lanturn - Agua / Eléctrico
(172, 'EL'), -- Pichu - Eléctrico
(173, 'NO'), -- Cleffa - Normal
(174, 'NO'), -- Igglybuff - Normal
(175, 'NO'), -- Togepi - Normal
(176, 'NO'), -- Togetic - Normal
(177, 'VO'), -- Natu - Psíquico / Volador
(177, 'PS'), -- Natu - Psíquico / Volador
(178, 'VO'), -- Xatu - Psíquico / Volador
(178, 'PS'), -- Xatu - Psíquico / Volador
(179, 'EL'), -- Mareep - Eléctrico
(180, 'EL'), -- Flaaffy - Eléctrico
(181, 'EL'), -- Ampharos - Eléctrico
(182, 'PL'), -- Bellossom - Planta
(183, 'AG'), -- Marill - Agua
(184, 'AG'), -- Azumarill - Agua
(185, 'RO'), -- Sudowoodo - Roca
(186, 'AG'), -- Politoed - Agua
(187, 'VO'), -- Hoppip - Planta / Volador
(187, 'PL'), -- Hoppip - Planta / Volador
(188, 'PL'), -- Skiploom - Planta / Volador
(188, 'VO'),
(189, 'PL'), -- Jumpluff - Planta / Volador
(189, 'VO'),
(190, 'NO'), -- Aipom - Normal
(191, 'PL'), -- Sunkern - Planta
(192, 'PL'), -- Sunflora - Planta
(193, 'BI'), -- Yanma - Bicho / Volador
(193, 'VO'),
(194, 'AG'), -- Wooper - Agua / Tierra
(194, 'TI'),
(195, 'AG'), -- Quagsire - Agua / Tierra
(195, 'TI'),
(196, 'PS'), -- Espeon - Psíquico
(197, 'SI'), -- Umbreon - Siniestro
(198, 'SI'), -- Murkrow - Siniestro / Volador
(198, 'VO'),
(199, 'AG'), -- Slowking - Agua / Psíquico
(199, 'PS'),
(200, 'FA'), -- Misdreavus - Fantasma
(201, 'PS'), -- Unown - Psíquico
(202, 'PS'), -- Wobbuffet - Psíquico
(203, 'NO'), -- Girafarig - Normal / Psíquico
(203, 'PS'),
(204, 'BI'), -- Pineco - Bicho
(205, 'BI'), -- Forretress - Bicho / Acero
(205, 'AC'),
(206, 'NO'), -- Dunsparce - Normal
(207, 'TI'), -- Gligar - Tierra / Volador
(207, 'VO'),
(208, 'AC'), -- Steelix - Acero / Tierra
(208, 'TI'),
(209, 'NO'), -- Snubbull - Normal
(210, 'NO'), -- Granbull - Normal
(211, 'AG'), -- Qwilfish - Agua / Veneno
(211, 'VE'),
(212, 'BI'), -- Scizor - Bicho / Acero
(212, 'AC'),
(213, 'BI'), -- Shuckle - Bicho / Tierra
(213, 'TI'),
(214, 'BI'), -- Heracross - Bicho / Lucha
(214, 'LU'),
(215, 'SI'), -- Sneasel - Siniestro / Hielo
(215, 'HI'),
(216, 'NO'), -- Teddiursa - Normal
(217, 'NO'), -- Ursaring - Normal
(218, 'FU'), -- Slugma - Fuego
(219, 'FU'), -- Magcargo - Fuego / Tierra
(219, 'TI'),
(220, 'HI'), -- Swinub - Hielo / Tierra
(220, 'TI'),
(221, 'HI'), -- Piloswine - Hielo / Tierra
(221, 'TI'),
(222, 'AG'), -- Corsola - Agua / Roca
(222, 'RO'),
(223, 'AG'), -- Remoraid - Agua
(224, 'AG'), -- Octillery - Agua
(225, 'HI'), -- Delibird - Hielo / Volador
(225, 'VO'),
(226, 'AG'), -- Mantine - Agua / Volador
(226, 'VO'),
(227, 'AC'), -- Skarmory - Acero / Volador
(227, 'VO'),
(228, 'SI'), -- Houndour - Siniestro / Fuego
(228, 'FU'),
(229, 'NO'), -- Houndoom - Siniestro / Fuego
(229, 'FU'),
(230, 'AG'), -- Kingdra - Agua / Dragón
(230, 'DR'),
(231, 'TI'), -- Phanpy - Tierra
(232, 'TI'), -- Donphan - Tierra
(233, 'NO'), -- Porygon2 - Normal
(234, 'NO'), -- Stantler - Normal
(235, 'NO'), -- Smeargle - Normal
(236, 'LU'), -- Tyrogue - Lucha
(237, 'LU'), -- Hitmontop - Lucha
(238, 'HI'), -- Smoochum - Hielo / Psíquico
(238, 'PS'),
(239, 'EL'), -- Elekid - Eléctrico
(240, 'FU'), -- Magby - Fuego
(241, 'NO'), -- Miltank - Normal
(242, 'NO'), -- Blissey - Normal
(243, 'EL'), -- Raikou - Eléctrico
(244, 'FU'), -- Entei - Fuego
(245, 'AG'), -- Suicune - Agua
(246, 'RO'), -- Larvitar - Roca / Tierra
(246, 'TI'),
(247, 'RO'), -- Pupitar - Roca / Tierra
(247, 'TI'),
(248, 'RO'), -- Tyranitar - Roca / Siniestro
(248, 'SI'), -- Tyranitar - Roca / Siniestro
(249, 'PS'), -- Lugia - Psíquico / Volador
(249, 'VO'),
(250, 'FU'), -- Ho-Oh - Fuego / Volador
(250, 'VO'), -- Ho-Oh - Fuego / Volador
(251, 'PL'), -- Celebi - Planta / Psíquico
(251, 'PS'); -- Celebi - Planta / Psíquico

-- Tabla de tipos que tienen ventaja atacando contra otros tipos
INSERT INTO ventaja (id_atacante, id_defensor, efecto) VALUES
('FU', 'PL', 1),
('FU', 'HI', 1),
('FU', 'BI', 1),
('FU', 'AC', 1),
('AG', 'FU', 1),
('AG', 'TI', 1),
('AG', 'RO', 1),
('PL', 'AG', 1),
('PL', 'RO', 1),
('PL', 'TI', 1),
('EL', 'AG', 1),
('EL', 'VO', 1),
('HI', 'PL', 1),
('HI', 'DR', 1),
('HI', 'TI', 1),
('HI', 'VO', 1),
('LU', 'HI', 1),
('LU', 'SI', 1),
('LU', 'AC', 1),
('LU', 'RO', 1),
('LU', 'NO', 1),
('VE', 'PL', 1),
('TI', 'EL', 1),
('TI', 'RO', 1),
('TI', 'FU', 1),
('TI', 'AC', 1),
('VO', 'PL', 1),
('VO', 'BI', 1),
('VO', 'LU', 1),
('PS', 'LU', 1),
('PS', 'VE', 1),
('BI', 'PS', 1),
('BI', 'PL', 1),
('BI', 'SI', 1),
('RO', 'VO', 1),
('RO', 'BI', 1),
('RO', 'FU', 1),
('RO', 'HI', 1),
('FA', 'PS', 1),
('FA', 'FA', 1),
('DR', 'DR', 1),
('SI', 'PS', 1),
('SI', 'FA', 1),
('AC', 'RO', 1),
('AC', 'HI', 1);

-- Tabla de tipos que tienen desventaja atacando a otros tipos
INSERT INTO ventaja (id_atacante, id_defensor, efecto) VALUES
('AC', 'AC', -1),
('AC', 'AG', -1),
('AC', 'EL', -1),
('AC', 'FU', -1),
('AG', 'AG', -1),
('AG', 'DR', -1),
('AG', 'PL', -1),
('BI', 'AC', -1),
('BI', 'FA', -1),
('BI', 'FU', -1),
('BI', 'LU', -1),
('BI', 'VE', -1),
('BI', 'VO', -1),
('DR', 'AC', -1),
('EL', 'DR', -1),
('EL', 'EL', -1),
('EL', 'PL', -1),
('FA', 'SI', -1),
('FU', 'AG', -1),
('FU', 'DR', -1),
('FU', 'FU', -1),
('FU', 'RO', -1),
('HI', 'AC', -1),
('HI', 'AG', -1),
('HI', 'FU', -1),
('HI', 'HI', -1),
('LU', 'BI', -1),
('LU', 'PS', -1),
('LU', 'VE', -1),
('LU', 'VO', -1),
('NO', 'AC', -1),
('NO', 'RO', -1),
('PL', 'AC', -1),
('PL', 'BI', -1),
('PL', 'DR', -1),
('PL', 'FU', -1),
('PL', 'PL', -1),
('PL', 'VE', -1),
('PL', 'VO', -1),
('PS', 'AC', -1),
('PS', 'PS', -1),
('RO', 'AC', -1),
('RO', 'LU', -1),
('RO', 'SI', -1),
('SI', 'LU', -1),
('SI', 'SI', -1),
('TI', 'BI', -1),
('TI', 'PL', -1),
('VE', 'FA', -1),
('VE', 'RO', -1),
('VE', 'TI', -1),
('VE', 'VE', -1),
('VO', 'AC', -1),
('VO', 'EL', -1),
('VO', 'RO', -1);

-- Tabla de tipos que no tienen efectos contra otros tipos
INSERT INTO ventaja (id_atacante, id_defensor, efecto) VALUES
('EL', 'TI', 0),
('FA', 'NO', 0),
('LU', 'FA', 0),
('NO', 'FA', 0),
('PS', 'SI', 0),
('TI', 'VO', 0),
('VE', 'AC', 0);

-- Entrenadores
INSERT INTO entrenadores (id_entrenador, nombre, apellido1, medallas, rango, especialidad) VALUES
(1, 'Sergio', 'Cuesta', 16, 'Campeón', 'BBDD'),
(2, 'David', 'Ayllón', 16, 'Alto Mando', 'Profesor'),
(3, 'Luis', 'Abenójar', 16, 'Alto Mando', 'Montañero'),
(4, 'Pablo', 'Donate', 16, 'Alto Mando', 'Karateka'),
(5, 'Diego', 'Scott', 16, 'Alto Mando', 'Entrenador Jr.'),

(8, 'Rojo', NULL, 16, 'Campeón', 'Entrenador General'),
(9, 'Ash', 'Ketchum', 8, 'Maestro Pokemon', 'Entrenador General'),
(10, 'Gary', 'Oak', 10, 'Maestro Pokemon', 'Entrenador General'),
(11, 'Brock', 'Harrison', 0, 'Líder de Gimnasio', 'Entrenador de tipo Roca'),
(12, 'Misty', 'Waterflower', 3, 'Líder de Gimnasio', 'Entrenadora de tipo Agua'),
(13, 'Teniente Surge', NULL, 4, 'Líder de Gimnasio', 'Entrenador de tipo Eléctrico'),
(14, 'Erika', NULL, 4, 'Líder de Gimnasio', 'Entrenadora de tipo Planta'),
(15, 'Koga', NULL, 4, 'Líder de Gimnasio', 'Entrenador de tipo Veneno'),
(16, 'Sabrina', NULL, 4, 'Líder de Gimnasio', 'Entrenadora de tipo Psíquico'),
(17, 'Blaine', NULL, 4, 'Líder de Gimnasio', 'Entrenador de tipo Fuego'),
(18, 'Giovanni', NULL, 8, 'Líder de Gimnasio', 'Entrenador de tipo Tierra'),
(19, 'Pegaso', NULL, 0, 'Líder de Gimnasio', 'Entrenador de tipo Volador'),
(20, 'Antón', NULL, 0, 'Líder de Gimnasio', 'Entrenador de tipo Bicho'),
(21, 'Blanca', NULL, 3, 'Líder de Gimnasio', 'Entrenadora de tipo Normal'),
(22, 'Morti', NULL, 4, 'Líder de Gimnasio', 'Entrenador de tipo Fantasma'),
(23, 'Aníbal', NULL, 4, 'Líder de Gimnasio', 'Entrenador de tipo Lucha'),
(24, 'Yasmina', NULL, 4, 'Líder de Gimnasio', 'Entrenadora de tipo Acero'),
(25, 'Fredo', NULL, 4, 'Líder de Gimnasio', 'Entrenador de tipo Hielo'),
(26, 'Débora', NULL, 8, 'Líder de Gimnasio', 'Entrenadora de tipo Dragón'),
(27, 'Lorelei', NULL, 16, 'Alto Mando', 'Entrenadora de tipo Hielo'),
(28, 'Bruno', NULL, 16, 'Alto Mando', 'Entrenador de tipo Lucha'),
(29, 'Agatha', NULL, 16, 'Alto Mando', 'Entrenadora de tipo Fantasma'),
(30, 'Lance', NULL, 16, 'Alto Mando', 'Entrenador de tipo Dragón'),
(31, 'Mento', NULL, 16, 'Alto Mando', 'Entrenador de tipo Psíquico'),
(32, 'Karen', NULL, 16, 'Alto Mando', 'Entrenadora de tipo Siniestro');

-- Pokémon de los entrenadores
INSERT INTO captura (id_entrenador, id_pokemon, tipo_pokeball, fecha_captura) VALUES
-- Sergio Cuesta
(1, 144, 'Poke Ball', '2023-02-25'),
(1, 145, 'Poke Ball', '2023-02-25'),
(1, 146, 'Poke Ball', '2023-02-25'),
(1, 150, 'Poke Ball', '2023-02-25'),
(1, 151, 'Poke Ball', '2023-02-25'),
(1, 243, 'Poke Ball', '2023-02-25'),
(1, 244, 'Poke Ball', '2023-02-25'),
(1, 245, 'Poke Ball', '2023-02-25'),
(1, 249, 'Poke Ball', '2023-02-25'),
(1, 250, 'Poke Ball', '2023-02-25'),
(1, 251, 'Poke Ball', '2023-02-25'),
-- David Ayllón
(2, 94, 'Ultra Ball', '2023-02-25'),
(2, 65, 'Ultra Ball', '2023-02-25'),
(2, 154, 'Poke Ball', '2023-02-25'),
(2, 157, 'Poke Ball', '2023-02-25'),
(2, 160, 'Poke Ball', '2023-02-25'),
(2, 212, 'Ultra Ball', '2023-02-25'),
-- Luis Abenójar
(3, 25, 'Poke Ball', '2008-09-13'),
(3, 18, 'Poke Ball', '2008-09-13'),
(3, 183, 'Poke Ball', '2008-09-13'),
(3, 78, 'Super Ball', '2008-09-13'),
(3, 185, 'Super Ball', '2008-09-13'),
(3, 190, 'Ultra Ball', '2008-09-13'),
-- Pablo Donate
(4, 68, 'Super Ball', '2023-02-25'),
(4, 214, 'Super Ball', '2023-02-25'),
(4, 107, 'Super Ball', '2023-02-25'),
(4, 62, 'Super Ball', '2023-02-25'),
(4, 57, 'Super Ball', '2023-02-25'),
(4, 106, 'Super Ball', '2023-02-25'),
-- Rojo
(8, 25, 'Poke Ball', '2001-11-21'),
(8, 131, 'Poke Ball', '2001-11-22'),
(8, 196, 'Poke Ball', '2001-11-22'),
(8, 9, 'Poke Ball', '2001-11-23'),
(8, 6, 'Poke Ball', '2001-11-23'),
(8, 143, 'Poke Ball', '2001-11-24'),
-- Ash
(9, 25, 'Poke Ball', '2001-11-21'),
(9, 6, 'Poke Ball', '2001-11-22'),
(9, 153, 'Poke Ball', '2001-11-22'),
(9, 158, 'Poke Ball', '2001-11-23'),
(9, 214, 'Poke Ball', '2001-11-23'),
(9, 143, 'Poke Ball', '2001-11-24'),
-- Gary
(10, 131, 'Poke Ball', '2001-11-26'),
(10, 143, 'Poke Ball', '2001-11-27'),
(10, 149, 'Poke Ball', '2001-11-27'),
(10, 230, 'Poke Ball', '2001-11-28'),
(10, 246, 'Poke Ball', '2001-11-28'),
(10, 248, 'Poke Ball', '2001-11-29'),
-- Brock
(11, 74, 'Poke Ball', '2001-12-01'),
(11, 95, 'Poke Ball', '2001-12-02'),
(11, 111, 'Poke Ball', '2001-12-02'),
(11, 185, 'Poke Ball', '2001-12-03'),
(11, 208, 'Poke Ball', '2001-12-03'),
(11, 214, 'Poke Ball', '2001-12-04'),
-- Misty
(12, 54, 'Poke Ball', '2001-12-06'),
(12, 60, 'Poke Ball', '2001-12-06'),
(12, 72, 'Poke Ball', '2001-12-07'),
(12, 86, 'Poke Ball', '2001-12-07'),
(12, 90, 'Poke Ball', '2001-12-08'),
(12, 120, 'Poke Ball', '2001-12-08'),
(12, 131, 'Poke Ball', '2001-12-09'),
-- Teniente Surge
(13, 25, 'Poke Ball', '2000-11-21'),
(13, 26, 'Poke Ball', '2000-11-21'),
(13, 100, 'Poke Ball', '2000-11-21'),
(13, 125, 'Poke Ball', '2000-11-21'),
-- Erika
(14, 43, 'Poke Ball', '2000-11-21'),
(14, 44, 'Poke Ball', '2000-11-21'),
(14, 45, 'Poke Ball', '2000-11-21'),
(14, 70, 'Poke Ball', '2000-11-21'),
(14, 71, 'Poke Ball', '2000-11-21'),
-- Koga
(15, 1, 'Poke Ball', '2000-11-21'),
(15, 3, 'Poke Ball', '2000-11-21'),
(15, 43, 'Poke Ball', '2000-11-21'),
(15, 44, 'Poke Ball', '2000-11-21'),
(15, 69, 'Poke Ball', '2000-11-21'),
(15, 70, 'Poke Ball', '2000-11-21'),
(15, 71, 'Poke Ball', '2000-11-21'),
-- Sabrina
(16, 64, 'Poke Ball', '2000-11-21'),
(16, 65, 'Poke Ball', '2000-11-21'),
(16, 79, 'Poke Ball', '2000-11-21'),
(16, 80, 'Poke Ball', '2000-11-21'),
-- Blaine
(17, 37, 'Poke Ball', '2000-11-21'),
(17, 38, 'Poke Ball', '2000-11-21'),
(17, 58, 'Poke Ball', '2000-11-21'),
(17, 59, 'Poke Ball', '2000-11-21'),
-- Giovanni
(18, 111, 'Ultra Ball', '2023-02-25'),
(18, 51, 'Ultra Ball', '2023-02-25'),
(18, 31, 'Ultra Ball', '2023-02-25'),
(18, 34, 'Ultra Ball', '2023-02-25'),
(18, 112, 'Ultra Ball', '2023-02-25'),
(18, 115, 'Ultra Ball', '2023-02-25'),
-- Pegaso
(19, 17, 'Poke Ball', '2023-02-25'),
(19, 18, 'Poke Ball', '2023-02-25'),
(19, 21, 'Poke Ball', '2023-02-25'),
(19, 22, 'Poke Ball', '2023-02-25'),
(19, 41, 'Poke Ball', '2023-02-25'),
(19, 42, 'Poke Ball', '2023-02-25'),
-- Antón
(20, 046, 'Poke Ball', '2022-02-25'),
(20, 012, 'Poke Ball', '2022-02-25'),
(20, 015, 'Poke Ball', '2022-02-25'),
(20, 123, 'Poke Ball', '2022-02-25'),
-- Blanca
(21, 035, 'Poke Ball', '2022-02-25'),
(21, 241, 'Poke Ball', '2022-02-25'),
(21, 209, 'Poke Ball', '2022-02-25'),
-- Morti
(22, 092, 'Poke Ball', '2022-02-25'),
(22, 093, 'Poke Ball', '2022-02-25'),
(22, 094, 'Poke Ball', '2022-02-25'),
(22, 200, 'Poke Ball', '2022-02-25'),
-- Anibal
(23, 106, 'Poke Ball', '2023-02-25'),
(23, 107, 'Poke Ball', '2023-02-25'),
(23, 68, 'Ultra Ball', '2023-02-25'),
(23, 94, 'Poke Ball', '2023-02-25'),
-- Yasmina
(24, 208, 'Ultra Ball', '2023-02-25'),
(24, 82, 'Great Ball', '2023-02-25'),
(24, 205, 'Poke Ball', '2023-02-25'),
(24, 212, 'Ultra Ball', '2023-02-25'),
-- Fredo
(25, 87, 'Poke Ball', '2023-02-25'),
(25, 91, 'Ultra Ball', '2023-02-25'),
(25, 221, 'Great Ball', '2023-02-25'),
(25, 131, 'Ultra Ball', '2023-02-25'),
-- Débora
(26, 148, 'Ultra Ball', '2023-02-25'),
(26, 149, 'Ultra Ball', '2023-02-25'),
(26, 230, 'Great Ball', '2023-02-25'),
-- Lorelei
(27, 87, 'Ultra Ball', '2023-02-25'), 
(27, 91, 'Poke Ball', '2023-02-23'),
(27, 221, 'Great Ball', '2023-02-20'),
(27, 124, 'Ultra Ball', '2023-02-18'),
(27, 131, 'Master Ball', '2023-02-16'),
-- Bruno
(28, 106, 'Ultra Ball', '2023-02-25'),
(28, 107, 'Poke Ball', '2023-02-23'),
(28, 237, 'Great Ball', '2023-02-20'),
(28, 68, 'Ultra Ball', '2023-02-18'),
-- Agatha
(29, 42, 'Ultra Ball', '2023-02-18'),
(29, 93, 'Ultra Ball', '2023-02-25'),
(29, 94, 'Poke Ball', '2023-02-23'),
(29, 92, 'Great Ball', '2023-02-20'),
(29, 24, 'Master Ball', '2023-02-16'),
-- Lance
(30, 6, 'Ultra Ball', '2023-02-18'),
(30, 130, 'Master Ball', '2023-02-16'),
(30, 142, 'Master Ball', '2023-02-16'),
(30, 149, 'Ultra Ball', '2023-02-25'),
(30, 148, 'Poke Ball', '2023-02-23'),
(30, 147, 'Great Ball', '2023-02-20'),
-- Mento
(31, 178, 'Ultra Ball', '2001-04-12'),
(31, 103, 'Poke Ball', '2001-04-13'),
(31, 80, 'Master Ball', '2001-04-14'),
(31, 124, 'Poke Ball', '2001-04-13'),
-- Karen
(32, 45, 'Great Ball', '2001-05-21'),
(32, 94, 'Great Ball', '2001-05-21'),
(32, 197, 'Great Ball', '2001-05-21'),
(32, 198, 'Ultra Ball', '2001-05-22'),
(32, 229, 'Poke Ball', '2001-05-23');


-- Regiones del mundo Pokémon
INSERT INTO regiones (id_region, nombre) VALUES
('KA', 'Kanto'),
('JO', 'Johto'),
('HO', 'Hoenn'),
('SI', 'Sinnoh'),
('TE', 'Teselia'),
('KL', 'Kalos'),
('AL', 'Alola'),
('GU', 'Galar');

/*Solo incluimos localizaciones de Kanto y Johto, que son las que pertenecen a las dos primeras generaciones, las cuales son la que nos ocupan en esta base de datos*/

/*Rutas*/
INSERT INTO localizaciones (id_region, nombre) VALUES
('KA', 'Ruta 1'),
('KA', 'Ruta 2'),
('KA', 'Ruta 3'),
('KA', 'Ruta 4'),
('KA', 'Ruta 5'),
('KA', 'Ruta 6'),
('KA', 'Ruta 7'),
('KA', 'Ruta 8'),
('KA', 'Ruta 9'),
('KA', 'Ruta 10'),
('KA', 'Ruta 11'),
('KA', 'Ruta 12'),
('KA', 'Ruta 13'),
('KA', 'Ruta 14'),
('KA', 'Ruta 15'),
('KA', 'Ruta 16'),
('KA', 'Ruta 17'),
('KA', 'Ruta 18'),
('KA', 'Ruta 19'),
('KA', 'Ruta 20'),
('KA', 'Ruta 21'),
('KA', 'Ruta 22'),
('KA', 'Ruta 23'),
('KA', 'Ruta 24'),
('KA', 'Ruta 25'),
('KA', 'Ruta 26'),
('KA', 'Ruta 27'),
('KA', 'Ruta 28'),
('JO', 'Ruta 29'),
('JO', 'Ruta 30'),
('JO', 'Ruta 31'),
('JO', 'Ruta 32'),
('JO', 'Ruta 33'),
('JO', 'Ruta 34'),
('JO', 'Ruta 35'),
('JO', 'Ruta 36'),
('JO', 'Ruta 37'),
('JO', 'Ruta 38'),
('JO', 'Ruta 39'),
('JO', 'Ruta 40'),
('JO', 'Ruta 41'),
('JO', 'Ruta 42'),
('JO', 'Ruta 43'),
('JO', 'Ruta 44'),
('JO', 'Ruta 45'),
('JO', 'Ruta 46'),
('JO', 'Ruta 47'),
('JO', 'Ruta 48');

/*Ciudades*/
INSERT INTO localizaciones (id_region, nombre) VALUES
('KA', 'Ciudad Verde'),
('KA', 'Ciudad Plateada'),
('KA', 'Ciudad Celeste'),
('KA', 'Ciudad Azafrán'),
('KA', 'Ciudad Azulona'),
('KA', 'Ciudad Carmín'),
('KA', 'Ciudad Fucsia'),
('JO', 'Ciudad Cerezo'),
('JO', 'Ciudad Malva'),
('JO', 'Ciudad Trigal'),
('JO', 'Ciudad Iris'),
('JO', 'Ciudad Olivo'),
('JO', 'Ciudad Orquídea'),
('JO', 'Ciudad Endrino');

/*Pueblos*/
INSERT INTO localizaciones (id_region, nombre) VALUES
('KA', 'Pueblo Paleta'),
('KA', 'Pueblo Lavanda'),
('KA', 'Isla Canela'),
('JO', 'Pueblo Primavera'),
('JO', 'Pueblo Azalea'),
('JO', 'Pueblo Caoba');

/*Edificios y otras zonas*/
INSERT INTO localizaciones (id_region, nombre) VALUES
('KA', 'Parque Compi'),
('KA', 'Central Energía'),
('KA', 'Dojo Kárate'),
('KA', 'SS Aqua'),
('JO', 'Carpa Pokéathlon'),
('JO', 'Torre Campana'),
('JO', 'Torre Quemada'),
('JO', 'Torre Radio'),
('JO', 'Torre Bellsprout'),
('JO', 'Faro Olivo'),
('JO', 'Guarida Rocket'),
('JO', 'Torre Oculta'),
('JO', 'Ruinas Sinjoh'),
('JO', 'Zona Safari'),
('JO', 'Parque Nacional'),
('JO', 'Túnel Trigal'),
('JO', 'Paso Acantilado'),
('JO', 'Lago de la Furia'),
('JO', 'Guarida Dragón');

/*Cuevas*/
INSERT INTO localizaciones (id_region, nombre) VALUES
('KA', 'Cataratas Tohjo'),
('KA', 'Calle Victoria'),
('KA', 'Cueva Diglett'),
('KA', 'Monte Moon'),
('KA', 'Cueva Celeste'),
('KA', 'Túnel Roca'),
('KA', 'Islas Espuma'),
('JO', 'Ruinas Alfa'),
('JO', 'Cueva Oscura'),
('JO', 'Cueva Unión'),
('JO', 'Pozo Slowpoke'),
('JO', 'Islas Remolino'),
('JO', 'Cueva Acantilado'),
('JO', 'Monte Mortero'),
('JO', 'Monte Plateado');

/*Movimientos*/
INSERT INTO movimientos (id_movimiento, nombre, poder, prec, pp, efecto, id_tipo) VALUES
(1, 'Absorber', 20, 100, 20, 'Absorbe la mitad de los PS del daño producido al rival.', 'PL'), 
(2, 'Ácido', 40, 100, 30, 'Rocía corrosivo ácido. Tiene la probabilidad de 1 entre 10 de reducir un nivel la Defensa del oponente.', 'VE'), 
(3, 'Adaptación', NULL, 95, 20, 'El tipo de ataque varía según el sitio.', 'NO'), 
(4, 'Aerochorro', 100, 95, 5, 'Lanza un chorro de aire que suele dar un golpe crítico.', 'VO'), 
(5, 'Afilar', NULL, NULL, 30, 'Mejora 1 nivel el Ataque de quien lo usa.', 'NO'), 
(6, 'Agarre', 55, 100, 30, 'Atrapa con potentes pinzas.', 'NO'), 
(7, 'Agilidad', NULL, NULL, 30, 'Relaja el cuerpo para ganar 2 niveles de Velocidad. Se puede utilizar hasta 3 veces.', 'PS'), 
(8, 'Agua Lodosa', 95, 85, 10, 'Ataque con agua lodosa que tiene la probabilidad de 3 entre 10 de bajar 1 nivel la Precisión del rival.', 'AG'), 
(9, 'Aguante', NULL, NULL, 10, 'Resiste el ataque de 1 turno y deja al menos 1 PS. Si se usa muchas veces, el índice de acierto baja.', 'NO'), 
(10, 'Aire Afilado', 55, 95, 25, 'Viento cortante que azota. Suele dar un golpe crítico.', 'VO'), 
(11, 'Ala de Acero', 70, 90, 25, 'Alas rígidas que golpean al rival. Tiene la probabilidad de 1 entre 10 de subir 1 nivel la Defensa del usuario.', 'AC'), 
(12, 'Alboroto', 50, 100, 10, 'Alborota de 2 a 5 turnos. Mantiene despierto y no deja dormir al rival.', 'NO'), 
(13, 'Alivio', NULL, NULL, 20, 'Cura envenenamientos, parálisis y quemaduras.', 'NO'), 
(14, 'Amnesia', NULL, NULL, 20, 'Olvida algo y aumenta 2 niveles la Defensa Especial. Se puede usar hasta 3 veces.', 'PS'), 
(15, 'Amortiguador', NULL, NULL, 10, 'Restaura hasta la mitad de tus PS máximos. Fuera del combate, restaura a otro POKéMON del equipo 1/5 de sus PS máximos.', 'AC'), 
(16, 'Anillo Ígneo', 150, 90, 5, 'Es muy eficaz, pero te inmoviliza al siguiente turno de atacar.', 'FU'), 
(17, 'Antojo', 40, 100, 40, 'Pide con ternura al rival el objeto que lleve siempre y cuando el usuario no lleve equipado ninguno.', 'SI'), 
(18, 'Anulación', NULL, 55, 20, 'Desactiva el último ataque usado por el contrincante, que no podrá volver a usarlo hasta otro turno.', 'PS'), 
(19, 'Arañazo', 40, 100, 35, 'Araña con afiladas garras.', 'NO'), 
(20, 'Armad. Ácida', NULL, NULL, 40, 'Te hace líquido y aumenta 2 niveles tu Defensa. Se puede usar hasta 3 veces.', 'VE'), 
(21, 'Aromaterapia', NULL, NULL, 5, 'Cura todos los problemas de estado con un suave aroma a todo el equipo PKMN.', 'PL'), 
(22, 'Arraigo', NULL, NULL, 20, 'Echa raíces para recuperar 1/16 de los PS máximos en cada turno, pero impide el relevo.', 'PL'), 
(23, 'Ascuas', 40, 100, 25, 'Ligero ataque que tiene la probabilidad de 1 entre 10 de quemar al objetivo.', 'FU'), 
(24, 'Atadura', 15, 75, 20, 'Ata y oprime de 2 a 5 turnos en los que el objetivo no puede ser cambiado.', 'NO'), 
(25, 'Ataque Aéreo', 140, 90, 5, '1.°, busca punto flaco. 2.°, va a por él.', 'VO'), 
(26, 'Ataque Ala', 60, 100, 35, 'Golpea al objetivo con las alas.', 'VO'), 
(27, 'Ataque Arena', NULL, 100, 15, 'Arroja arena a la cara y baja la Precisión 1 nivel.', 'NO'),
(28, 'Ataque Furia', 15, 85, 20, 'Cornea al enemigo de 2 a 5 veces.', 'NO'),
(29, 'Ataque Óseo', 25, 80, 10, 'Hueso en ristre, aporrea al enemigo de 2 a 5 veces.', 'TI'), 
(30, 'Atracción', NULL, 100, 15, 'Reduce a la mitad la posibilidad de que el enemigo ataque si este es del género opuesto al del usuario.', 'NO'), 
(31, 'At. Rápido', 40, 100, 30, 'Ataque rápido que permite golpear en 1er lugar. Si lo usan los dos Pokémon, atacará el que tenga mayor Velocidad.', 'NO'), 
(32, 'Aullido', NULL, NULL, 40, 'Aullido que sube el ánimo y aumenta el Ataque 1 nivel.', 'NO'), 
(33, 'Autodestruc', 200, 100, 5, 'Potente, pero hace que te debilites. Inútil contra el tipo Fantasma.', 'NO'), 
(34, 'Avalancha', 75, 90, 10, 'Lanza grandes pedruscos. Tiene la probabilidad de 3 entre 10 de causar retroceso.', 'RO'), 
(35, 'Ayuda', NULL, NULL, 20, 'Ataque elegido al azar de un miembro del equipo.', 'NO'), 
(36, 'Azote', -1, 100, 15, 'Causa un daño mayor si el usuario tiene pocos PS.', 'NO'), 
(37, 'Barrera', NULL, NULL, 30, 'Crea una barrera para subir 2 niveles la Defensa. Se puede utilizar hasta 3 veces.', 'PS'), 
(38, 'Batido', NULL, NULL, 10, 'Restaura hasta la mitad de tus PS máximos. Fuera del combate, restaura a otro POKéMON del equipo 1/5 de sus PS máximos.', 'NO'), 
(39, 'Beso Amoroso', NULL, 75, 10, 'Pide un beso con una cara que asusta y adormece.', 'NO'), 
(40, 'Beso Dulce', NULL, 75, 10, 'Pide un beso con dulzura y suele causar confusión.', 'NO'), 
(41, 'Bloqueo', NULL, 100, 5, 'Le corta el paso al rival para que no pueda escapar hasta que se vaya el Pokémon atacante.', 'NO'), 
(42, 'Bofetón Lodo', 20, 100, 10, 'Echa lodo en la cara para bajar 1 nivel la Precisión.', 'TI'), 
(43, 'Bola Hielo', 30, 90, 20, 'Dura 5 turnos y gana fuerza en cada uno.', 'HI'), 
(44, 'Bola Neblina', 70, 100, 5, 'Banco de niebla que tiene la probabilidad de 1 entre 2 de bajar 1 nivel el At. Esp. del oponente.', 'NO'), 
(45, 'Bola Sombra', 80, 100, 15, 'Lanza una bola negra con la probabilidad de 1 entre 5 de reducir un nivel la Def. Esp. del objetivo.', 'FA'), 
(46, 'Bomba Huevo', 100, 75, 10, 'Arroja un huevo al enemigo.', 'NO'), 
(47, 'Bomba Lodo', 90, 100, 10, 'Explosión de lodo que tiene la probabilidad de 3 entre 10 de envenenar al objetivo.', 'VE'), 
(48, 'Bomba Sónica', -1, 90, 20, 'Lanza ondas de choque que restan siempre 20 PS.', 'NO'), 
(49, 'Bostezo', NULL, 100, 10, 'Provoca en el contrincante el bostezo, durmiéndose un turno después, a menos que sea reemplazado.', 'NO'), 
(50, 'Bote', 85, 85, 5, '1er turno: Pega un salto. 2.°: golpea. Tiene la probabilidad de 3 entre 10 de paralizar al enemigo.', 'AG'), 
(51, 'Brazo Pincho', 60, 100, 15, 'Pega con brazos de pinchos y tiene la probabilidad de 3 entre 10 de causar retroceso.', 'BI'), 
(52, 'Buceo', 60, 100, 10, '1er turno: bucea. 2.°: golpea. Fuera del combate se sumerge en las profundidades del mar.', 'AG'), 
(53, 'Bucle Arena', 15, 70, 15, 'Enreda en un remolino de arena de 3 a 6 turnos en los que el objetivo no puede ser cambiado.', 'TI'), 
(54, 'Burbuja', 20, 100, 30, 'Usa burbujas. Tiene la probabilidad de 1 entre 10 de reducir 1 nivel la Velocidad del rival.', 'AG'), 
(55, 'Cabezazo', 100, 100, 15, '1er turno: se prepara y sube 1 nivel la Defensa. 2do: da el cabezazo.', 'NO'), 
(56, 'Camelo', NULL, 100, 15, 'Confunde al rival, pero sube 1 nivel su At. Esp.', 'NO'), 
(57, 'Campana Cura', NULL, NULL, 5, 'Repicar que cura los problemas de estado en todo el equipo PKMN.', 'PL'), 
(58, 'Camuflaje', NULL, NULL, 20, 'Modifica el tipo del Pokémon según la zona donde esté.', 'NO'), 
(59, 'Canto', NULL, 55, 15, 'Cancioncilla que puede dormir al enemigo.', 'NO'), 
(60, 'Canto Mortal', NULL, NULL, 5, 'A los 3 turnos del canto, caen rival y atacante.', 'FA'), 
(61, 'Capa Mágica', NULL, NULL, 15, 'El efecto de cualquier movimiento que busque cambiar estado o característica rebotará y volverá al oponente.', 'PS'), 
(62, 'Carámbano', 10, 100, 30, 'Ataca lanzando de 2 a 5 ráfagas de carámbanos.', 'HI'), 
(63, 'Cara Susto', NULL, 90, 10, 'Asusta al enemigo para reducirle 2 niveles la Velocidad. Puede usarse hasta 3 veces.', 'NO'), 
(64, 'Carga', NULL, NULL, 20, 'Recarga energía y duplica el ataque eléctrico posterior.', 'EL'), 
(65, 'Cascada', 80, 100, 15, 'Embiste con impulso para remontar una cascada. Fuera del combate sortea cascadas.', 'AG'), 
(66, 'Cerca', NULL, NULL, 10, 'Impide usar al rival ataques que tú conoces.', 'NO'), 
(67, 'Chapoteolodo', NULL, NULL, 15, 'Te cubre de lodo y mejora doblemente tu resistencia eléctrica.', 'AG'), 
(68, 'Chirrido', NULL, 85, 40, 'Ruido agudo que reduce 2 niveles la Defensa del rival. Se usa 3 veces como máximo.', 'NO'), 
(69, 'Chispa', 65, 100, 20, 'Ataque eléctrico que tiene la probabilidad de 3 entre 10 de paralizar al objetivo.', 'EL'), 
(70, 'Chupavidas', 20, 100, 15, 'Absorbe la mitad de los PS del daño producido al rival.', 'PL'), 
(71, 'Ciclón', 40, 100, 20, 'Crea un violento tornado para hacer trizas al rival, con 1/5 de hacer retroceder. Duplica el poder en pokémon en Vuelo.', 'VO'), 
(72, 'Clavo Cañón', 20, 100, 15, 'Lanza finas púas que hieren de 2 a 5 veces.', 'AC'), 
(73, 'Cola Férrea', 100, 75, 15, 'Ataca con una cola férrea y tiene la probabilidad de 3 entre 10 de reducir un nivel la Defensa del rival.', 'AC'), 
(74, 'Cola Veneno', 50, 100, 25, 'Suele ser un golpe crítico y tiene la posibilidad de 1 entre 10 de envenenar al rival.', 'VE'), 
(75, 'Colmillo Ven', 50, 100, 15, 'Incisivos colmillos que tienen la probabilidad de 3 entre 10 de envenenar gravemente al rival.', 'VE'), 
(76, 'Combate', 50, NULL, 1, 'Sólo se usa al no poder usar otro movimiento. El agresor recibe la mitad del daño causado.', 'NO'), 
(77, 'Come Sueños', 100, 100, 15, 'Roba la mitad del daño causado a un rival dormido. Sólo funciona si el oponente duerme.', 'PS'), 
(78, 'Confusión', 50, 100, 25, 'Ataque psíquico que tiene la probabilidad de 1 entre 10 de dejar confuso al blanco.', 'PS'), 
(79, 'Contador', -1, 100, 20, 'Devuelve un golpe físico por duplicado.', 'LU'), 
(80, 'Contoneo', NULL, 90, 15, 'Provoca confusión, pero también sube 2 niveles el Ataque del rival.', 'NO'), 
(81, 'Conversión', NULL, NULL, 30, 'Cambia tu tipo por el tipo de un ataque que tengas.', 'NO'), 
(82, 'Conversión2', NULL, 100, 30, 'Tu tipo se hace resistente al último tipo de ataque del oponente.', 'NO'), 
(83, 'Cornada', 65, 100, 25, 'Ataca al enemigo con afilados cuernos.', 'NO'), 
(84, 'Corpulencia', NULL, NULL, 20, 'Robustece el cuerpo para subir 1 nivel el Ataque y la Defensa.', 'LU'), 
(85, 'Corte', 50, 95, 30, 'Corta con garras, guadañas, etc. Fuera del combate corta arbustos.', 'NO'), 
(86, 'Cortefuria', 10, 95, 20, 'Crece en intensidad si se usa repetidas veces. Si falla, vuelve a la normalidad.', 'BI'), 
(87, 'Cosquillas', NULL, 100, 20, 'Hace reír para bajar 1 nivel el Ataque y la Defensa.', 'NO'), 
(88, 'Cuchillada', 70, 100, 20, 'Acuchilla con pinzas, etc. Suele dar un golpe crítico.', 'NO'), 
(89, 'Daño Secreto', 70, 100, 20, 'Tiene la probabilidad de 3 entre 10 de causar en el rival un efecto adicional dependiendo del terreno.', 'BI'), 
(90, 'Danza Caos', NULL, 100, 20, 'Confunde a todos los Pokémon que hay en escena exceptuando al usuario del movimiento.', 'SI'), 
(91, 'Danza Dragón', NULL, NULL, 20, 'Danza mística que sube 1 nivel el Ataque y la Velocidad.', 'DR'), 
(92, 'Danza Espada', NULL, NULL, 30, 'Baile que sube 2 niveles el Ataque. Se puede usar hasta 3 veces.', 'NO'), 
(93, 'Danza Lluvia', NULL, NULL, 5, 'Refuerza los ataques de tipo Agua durante 5 turnos y reduce a la mitad el poder de los ataques Fuego. Trueno da siempre.', 'AG'), 
(94, 'Danza Pétalo', 70, 100, 20, 'Dura de 2 a 3 turnos y acaba confundiéndote.', 'PL'), 
(95, 'Danza Pluma', NULL, 100, 15, 'Envuelve al enemigo con plumón para reducir 2 niveles su Ataque. Se usa hasta 3 veces.', 'VO'), 
(96, 'Def. Férrea', NULL, NULL, 15, 'Te fortalece y sube 2 niveles la Defensa. Se puede emplear hasta 3 veces.', 'AC'), 
(97, 'Demolición', 75, 100, 15, 'Destruye barreras como Reflejo y Pantalla luz y además causa daño.', 'LU'), 
(98, 'Derribo', 90, 85, 20, 'Ataque de carga. El atacante recibe 1/4 del daño infligido al oponente.', 'NO'), 
(99, 'Desarme', 20, 100, 20, 'Deja al rival desprovisto del objeto que lleva durante el momento en que esté combatiendo.', 'LU'), 
(100, 'Desarrollo', NULL, NULL, 40, 'Crece a marchas forzadas y aumenta un nivel el Ataque Especial.', 'NO'), 
(101, 'Descanso', NULL, NULL, 10, 'Duerme durante 2 turnos para curar problemas de estado.', 'PS'), 
(102, 'Desenrollar', 30, 90, 20, 'Ataque de 5 turnos, con fuerza cada vez mayor. Duplica el poder si se usa después de Rizo defensa.', 'BI'), 
(103, 'Deseo', NULL, NULL, 10, 'Restaura la mitad de los PS máximos en el fin del siguiente turno a cualquier Pokémon.', 'NO'), 
(104, 'Deseo Oculto', 120, 85, 5, 'Concentra intensa luz solar y ataca 2 turnos después. Siempre produce en todos los tipos el mismo daño.', 'NO'), 
(105, 'Deslumbrar', NULL, 75, 30, 'Intimida y asusta al rival hasta dejarlo paralizado.', 'EL'), 
(106, 'Desquite', 60, 100, 10, 'Ataque que se duplica si el enemigo te hiere.', 'LU'), 
(107, 'Destello', NULL, 70, 20, 'Ciega con un fogonazo de luz y baja 1 nivel la Precisión. Fuera del combate alumbra cuevas.', 'NO'), 
(108, 'Destructor', 40, 100, 35, 'Golpea con las patas o la cola.', 'TI'), 
(109, 'Detección', NULL, NULL, 5, 'Frena ataques, pero puede fallar si se usa sin cesar.', 'PS'), 
(110, 'Día de Pago', 40, 100, 20, 'Arroja monedas que luego recupera. La cantidad depende de la frecuencia del ataque y el nivel.', 'NO'), 
(111, 'Día Soleado', NULL, NULL, 5, 'Sube los ataques de tipo Fuego durante 5 turnos y reduce a la mitad el poder de los tipo Agua. Evita la congelación.', 'FU'), 
(112, 'Disp. Demora', NULL, 95, 40, 'Baja un nivel la Velocidad del enemigo.', 'NO'), 
(113, 'Disp. Lodo', 55, 95, 15, 'Dispara lodo al rival y reduce 1 nivel su Velocidad.', 'TI'), 
(114, 'Divide Dolor', NULL, 100, 20, 'Une tus PS a los del rival y los reparte por igual.', 'PS'), 
(115, 'Dobleataque', 25, 100, 20, 'Clava aguijones al rival dos veces. En ocasiones, el objetivo puede quedar envenenado.', 'NO'), 
(116, 'Doblebofetón', 15, 85, 10, 'Abofetea de 2 a 5 veces seguidas.', 'LU'), 
(117, 'Doble Equipo', NULL, NULL, 15, 'Aumenta un nivel la Evasión.', 'NO'), 
(118, 'Doble Filo', 120, 100, 15, 'Ataque de placaje y carga. El atacante recibe 1/3 del daño infligido al oponente.', 'NO'), 
(119, 'Doble Patada', 30, 100, 30, 'Una patada doble. Golpea 2 veces.', 'LU'), 
(120, 'Doble Rayo', 75, 100, 15, 'Extraño ataque con rayo. Tiene la probabilidad de 1 entre 10 de causar confusión.', 'EL'), 
(121, 'Dragoaliento', 60, 100, 20, 'Fuerte ráfaga de aliento que golpea al enemigo. Tiene la probabilidad de 3 entre 10 de paralizar al objetivo.', 'DR'), 
(122, 'Drenadoras', NULL, 90, 10, 'Planta tres semillas que quitan 1/8 de los PS máximos en cada turno. No afecta a pokémon de tipo Planta.', 'PL'), 
(123, 'Dulce Aroma', NULL, 100, 20, 'Engatusa al rival para reducir un nivel su Evasión. Fuera del combate atrae POKéMON.', 'PL'), 
(124, 'Eco Metálico', NULL, 85, 40, 'Tremendo chirrido que reduce 2 niveles la Def. Esp. del rival. Se puede usar hasta 3 veces.', 'AC'), 
(125, 'Electrocañón', 100, 50, 5, 'No es certero, pero causa parálisis si atina.', 'EL'), 
(126, 'Empujón', 15, 100, 20, 'Se dan puñetazos directos de 2 a 5 veces.', 'NO'), 
(127, 'Encanto', NULL, 100, 20, 'Engatusa al rival y reduce 2 niveles de su Ataque. Se puede usar hasta 3 veces.', 'NO'), 
(128, 'Enfado', 90, 100, 15, 'Embestida que dura de 2 a 3 turnos y te confunde.', 'DR'), 
(129, 'Escupir', 100, 100, 10, 'Libera energía acumulada luego de usar Reserva. Cuanto más, mayor será el daño.', 'DR'), 
(130, 'Esfuerzo', -1, 100, 5, 'El daño es igual a los PS del oponente menos los PS del atacante. Fallará si el usuario tiene más salud que el rival.', 'LU'), 
(131, 'Espora', NULL, 100, 15, 'Esparce esporas que inducen al sueño.', 'PL'), 
(132, 'Esporagodón', NULL, 85, 40, 'Le pega esporas al rival para reducir 2 niveles su Velocidad.', 'PL'), 
(133, 'Esquema', NULL, NULL, 1, 'Copia siempre el último ataque del rival y lo mantiene permanentemente.', 'PS'), 
(134, 'Estallido', 150, 100, 5, 'Cuanto mayor sea el número de tus PS, más daño harás.', 'NO'), 
(135, 'Estímulo', 60, 100, 10, 'Duplica su poder en rivales paralizados, pero también los cura.', 'NO'), 
(136, 'Excavar', 60, 100, 10, '1er turno: cava. 2.°: ataca. Fuera del combate permite huir de cuevas.', 'TI'), 
(137, 'Explosión', 250, 100, 5, 'Causa mucho daño, pero te debilita. No afecta al tipo Fantasma.', 'NO'), 
(138, 'Falsotortazo', 40, 100, 40, 'Deja al enemigo con al menos 1 PS. No puede debilitarlo.', 'NO'), 
(139, 'Fijar Blanco', NULL, 100, 5, 'Fija el blanco para que el siguiente ataque no falle.', 'NO'), 
(140, 'Finta', 60, NULL, 20, 'Ataque que no falla nunca.', 'SI'), 
(141, 'Fisura', -1, 30, 5, 'Ataque de tierra. Fulmina en un golpe. Efectivo contra Pokémon que usen Excavar, pero no contra los de mayor nivel.', 'TI'), 
(142, 'Foco Energía', NULL, NULL, 30, 'Aumenta la probabilidad de dar un golpe crítico.', 'NO'), 
(143, 'Fortaleza', NULL, NULL, 30, 'Tensa la musculatura para aumentar un nivel la Defensa.', 'NO'), 
(144, 'Frío Polar', -1, 30, 5, 'Ataque polar que debilita de un golpe al rival. Falla siempre contra oponentes de mayor nivel que el usuario.', 'HI'), 
(145, 'Frustración', -1, 100, 20, 'Es más fuerte si no se aprecia al Entrenador.', 'NO'), 
(146, 'Fuego Fatuo', NULL, 75, 15, 'Fuego muy intenso que produce quemaduras.', 'FA'), 
(147, 'Fuegosagrado', 100, 95, 5, 'Fuego místico que tiene la probabilidad de 1 entre 2 de quemar al objetivo.', 'FU'), 
(148, 'Fuerza', 80, 100, 15, 'Potente ataque físico. Fuera del combate mueve piedras.', 'NO'), 
(149, 'Fuerza Bruta', 120, 100, 5, 'Poderoso, pero baja 1 nivel el Ataque y la Defensa del atacante.', 'LU'), 
(150, 'Furia', 20, 100, 20, 'Mejora tu Ataque cada vez que te golpean.', 'NO'), 
(151, 'Furia Dragón', -1, 100, 10, 'Cadena de ondas de choque que siempre quitan 40 PS.', 'DR'), 
(152, 'Gancho Alto', 85, 90, 15, 'Gancho ascendente de gran ímpetu. Golpea a los Pokémon que usen Vuelo.', 'LU'), 
(153, 'Garra Brutal', 75, 95, 10, 'Hace trizas al enemigo y tiene la probabilidad de 1 entre 2 de bajarle 1 nivel la Defensa.', 'NO'), 
(154, 'Garra Dragón', 80, 100, 15, 'Araña al rival con garras afiladas.', 'DR'), 
(155, 'Garra Metal', 50, 95, 35, 'Ataque con garra que tiene la probabilidad de 1 entre 10 de subir un nivel tu Ataque.', 'AC'), 
(156, 'Gas Venenoso', NULL, 55, 40, 'Envenena al enemigo.', 'VE'), 
(157, 'Gigadrenado', 60, 100, 5, 'Absorbe la mitad de los PS del daño producido al rival.', 'PL'), 
(158, 'Giro Fuego', 15, 70, 15, 'Un aro de fuego que atrapa de 3 a 6 turnos en los que el objetivo no puede ser cambiado.', 'FU'), 
(159, 'Giro Rápido', 20, 100, 40, 'Ataque corporal giratorio de gran velocidad que permite escapar de movimientos como Atadura y elimina Púas y Drenadoras.', 'NO'), 
(160, 'Golpe', 90, 100, 20, 'Dura de 2 a 3 turnos y acaba confundiéndote.', 'LU'), 
(161, 'Golpe Aéreo', 60, NULL, 20, 'Ataque tremendamente rápido que no falla.', 'VO'), 
(162, 'Golpe Cabeza', 70, 100, 15, 'Cabezazo que tiene la probabilidad de 3 entre 10 de hacer retroceder al rival.', 'NO'), 
(163, 'Golpe Cuerpo', 85, 100, 15, 'Ataque corporal que cuenta con la probabilidad de 3 entre 10 de paralizar al objetivo.', 'LU'), 
(164, 'Golpe Karate', 50, 100, 25, 'Da un golpe cortante. Suele ser crítico.', 'LU'), 
(165, 'Golpe Roca', 20, 100, 15, 'Ataque de fuerza brutal que tiene la probabilidad de 1/2 de bajar un nivel la Defensa. Fuera del combate rompe rocas.', 'RO'), 
(166, 'Golpes Furia', 18, 80, 15, 'Araña rápidamente de 2 a 5 veces.', 'NO'), 
(167, 'Granizo', NULL, NULL, 10, 'Tormenta de granizo que dura 5 turnos y que quita por turno 1/16 de los PS máximos a todo pokémon que no sea tipo Hielo.', 'HI'), 
(168, 'Gruñido', NULL, 100, 40, 'Dulce gruñido que reduce un nivel el Ataque del otro.', 'NO'), 
(169, 'Guillotina', -1, 30, 5, 'Pinzas que pueden derribar de un golpe. No hace efecto a los Pokémon de mayor nivel.', 'NO'), 
(170, 'Hidrobomba', 120, 80, 5, 'Lanza agua a chorros para atacar.', 'AG'), 
(171, 'Hidrocañón', 150, 90, 5, 'Es muy eficaz, pero te inmoviliza al siguiente turno de atacar.', 'AG'), 
(172, 'Hidrochorro', NULL, NULL, 15, 'El usuario se moja logrando reducir a la mitad el poder de los ataques de Fuego.', 'AG'), 
(173, 'Hidropulso', 60, 100, 20, 'Ondas ultrasónicas que tienen la probabilidad de 1 entre 5 de confundir al rival.', 'AG'), 
(174, 'Hip.Colmillo', 80, 90, 15, 'Ataque con finos colmillos. Tiene la probabilidad de 1 entre 10 de hacer retroceder al rival.', 'SI'), 
(175, 'Hiperrayo', 150, 90, 5, 'Es eficaz, pero deja inmóvil al atacante 1 turno después de atacar.', 'NO'), 
(176, 'Hipnosis', NULL, 60, 20, 'Ataque hipnótico que puede dormir al enemigo.', 'PS'), 
(177, 'Hoja Afilada', 55, 95, 25, 'Corta con hojas. Suele ser golpe crítico.', 'PL'), 
(178, 'Hoja Aguda', 70, 100, 15, 'Acuchilla con una hoja fina. Suele dar un golpe crítico.', 'PL'), 
(179, 'Hoja Mágica', 60, NULL, 20, 'Ataca con una extraña hoja que no se puede esquivar.', 'PL'), 
(180, 'Huesomerang', 50, 90, 10, 'Lanza un hueso a modo de bumerán, que da 2 veces.', 'TI'), 
(181, 'Hueso Palo', 65, 85, 20, 'Aporrea con un hueso. Tiene la probabilidad de 1 entre 10 de causar retroceso.', 'TI'), 
(182, 'Imagen', 70, 100, 20, 'Dobla el Ataque si el usuario está envenenado, paralizado o quemado.', 'PS'), 
(183, 'Imitación', NULL, NULL, 10, 'Imita al rival y copia su Habilidad Especial.', 'NO'), 
(184, 'Impactrueno', 40, 100, 30, 'Ataque eléctrico que tiene la probabilidad de 1 entre 10 de paralizar al objetivo.', 'EL'), 
(185, 'Impresionar', 30, 100, 15, 'Impresiona tanto que tiene la probabilidad de 3 entre 10 de hacer retroceder al rival.', 'NO'), 
(186, 'Intercambio', NULL, NULL, 10, 'Intercambia la Habilidad con el Pokémon rival.', 'PS'), 
(187, 'Inversión', -1, 100, 15, 'Si tienes pocos PS, el daño que causa es mucho mayor.', 'NO'), 
(188, 'Kinético', NULL, 80, 15, 'Distrae al rival y baja un nivel su Precisión.', 'PS'), 
(189, 'Ladrón', 40, 100, 10, 'Puede quitarle al rival el objeto que lleve, siempre y cuando el atacante no tenga equipado nada.', 'SI'), 
(190, 'Lanzallamas', 95, 100, 15, 'Fuerte ataque que tiene la probabilidad de 1 entre 10 de quemar al objetivo.', 'FU'), 
(191, 'Lanzarrocas', 50, 90, 15, 'Tira pequeñas rocas al enemigo.', 'RO'), 
(192, 'Látigo', NULL, 100, 30, 'Agita la cola para bajar un nivel la Defensa del otro.', 'PL'), 
(193, 'Látigo Cepa', 35, 100, 10, 'Azota al enemigo con ramas finas.', 'PL'), 
(194, 'Legado', NULL, 100, 10, 'Reduce 2 niveles el Ataque y el At. Esp. del rival y te fulmina.', 'NO'), 
(195, 'Lengüetazo', 20, 100, 30, 'Usa la lengua para atacar y cuenta con la probabilidad de 3 entre 10 de paralizar al objetivo.', 'FA'), 
(196, 'Llamarada', 120, 85, 5, 'Llama que lo chamusca todo. La probabilidad de quemar al objetivo es de 1 entre 10.', 'FU'), 
(197, 'Llanto Falso', NULL, 100, 20, 'Lágrimas de cocodrilo que reducen 2 niveles la Def. Esp. Puede usarse hasta 3 veces.', 'NO'), 
(198, 'Luz Lunar', NULL, NULL, 5, 'Restaura PS. Si hace sol, añade 2/3 de los PS máximos. En cambio, restaura 1/4 con Danza Lluvia o Torm. Arena.', 'NO'), 
(199, 'Magnitud', -1, 100, 30, 'El poder del ataque cambiará cada vez que se use. Duplica el poder de Pokémon que usen Excavar.', 'TI'), 
(200, 'Mal de Ojo', NULL, 100, 5, 'Mirada penetrante que impide que el rival escape hasta que se vaya el Pokémon atacante.', 'NO'), 
(201, 'Maldición', NULL, NULL, 10, 'En el tipo Fantasma tiene un efecto distinto.', 'FA'), 
(202, 'Malicioso', NULL, 100, 30, 'Asusta al enemigo para bajar un nivel su Defensa.', 'SI'), 
(203, 'Manto Espejo', -1, 100, 20, 'Si es golpeado por un ataque especial, devolverá el doble de daño al oponente.', 'PS'), 
(204, 'Martillazo', 90, 85, 10, 'Pinza con fuerza y suele dar un golpe crítico.', 'NO'), 
(205, 'Masa Cósmica', NULL, NULL, 20, 'Sube 1 nivel la Defensa y la Def. Esp. con energía mística.', 'PS'), 
(206, 'Más Psique', NULL, NULL, 10, 'Copia los cambios en las estadísticas del oponente y los aplica al usuario.', 'PS'), 
(207, 'Meditación', NULL, NULL, 40, 'Reposa y medita para aumentar 1 nivel el Ataque.', 'PS'), 
(208, 'Megaagotar', 40, 100, 10, 'Absorbe la mitad de los PS del daño producido al rival.', 'AG'), 
(209, 'Megacuerno', 120, 85, 10, 'Violenta embestida con retorcidos cuernos.', 'BI'), 
(210, 'Megapatada', 120, 75, 5, 'Patada de extrema fuerza.', 'LU'), 
(211, 'Megapuño', 80, 85, 20, 'Un puñetazo de gran potencia.', 'LU'), 
(212, 'Meteorobola', 50, 100, 10, 'Cambia el tipo con el clima y duplica su poder.', 'PS'), 
(213, 'Metrónomo', NULL, NULL, 10, 'Usa al azar un ataque Pokémon de todos los existentes.', 'NO'), 
(214, 'Mimético', NULL, 100, 10, 'Copia un ataque usado por el enemigo. Dura hasta que el usuario sea reemplazado.', 'NO'), 
(215, 'Mismodestino', NULL, NULL, 5, 'Movimiento que debilita al oponente si el usuario se debilita al utilizar este ataque.', 'PS'), 
(216, 'Mofa', NULL, 100, 20, 'Anula en el rival los movimientos que no causan daño y hace que sólo use ataques. Dura 2 turnos.', 'SI'), 
(217, 'Mordisco', 60, 100, 25, 'Un voraz bocado que tiene la probabilidad de 3 entre 10 de que el rival retroceda y no ataque.', 'SI'), 
(218, 'Mov. Espejo', NULL, NULL, 20, 'Contraataca con el mismo movimiento del rival.', 'PS'), 
(219, 'Mov. Sísmico', -1, 100, 20, 'Se restarán tantos PS como nivel tenga el agresor.', 'TI'), 
(220, 'Neblina', NULL, NULL, 30, 'Protege contra cualquier ataque que intente modificar las caracterísiticas del PKMN durante 5 turnos.', 'VE'), 
(221, 'Niebla', NULL, NULL, 30, 'Nube negra que elimina los cambios de características de todos los pokémon.', 'NO'), 
(222, 'Nieve Polvo', 40, 100, 25, 'Lanza una nevada que tiene la probabilidad de 1 entre 10 de congelar al objetivo.', 'HI'), 
(223, 'Onda Ígnea', 100, 90, 10, 'Exhala un vaho ígneo que tiene la probabilidad de 1 entre 10 de quemar al rival.', 'FU'), 
(224, 'Onda Trueno', NULL, 100, 20, 'Una descarga que paraliza al enemigo.', 'EL'), 
(225, 'Onda Voltio', 60, NULL, 20, 'Ataque eléctrico muy rápido que pega siempre.', 'EL'), 
(226, 'Otra Vez', NULL, 100, 5, 'Obliga al objetivo a seguir usando de 3 a 6 turnos el último ataque empleado.', 'NO'), 
(227, 'Paliza', 10, 100, 10, 'Ataque en el que participan todos los Pokémon que estén en el equipo.', 'NO'), 
(228, 'Pantallahumo', NULL, 100, 20, 'Reduce un nivel la Precisión del enemigo con humo, etc.', 'VE'), 
(229, 'Pantalla Luz', NULL, NULL, 30, 'Barrera que reduce a la mitad el daño de los ataques especiales del rival durante 5 turnos. Beneficia a todo el equipo.', 'PS'), 
(230, 'Paralizador', NULL, 75, 30, 'Esparce polvo que puede paralizar al enemigo.', 'EL'), 
(231, 'Paranormal', 80, 100, 30, 'Energía muy extraña que tiene la probabilidad de 1 entre 10 de causar retroceso.', 'PS'), 
(232, 'Patada Baja', -1, 100, 20, 'Cuanto más pesa el enemigo, más daño causa.', 'LU'), 
(233, 'Patada Giro', 60, 85, 15, 'Una patada rápida y circular. La probabilidad de que retroceda el rival es 3 entre 10.', 'LU'), 
(234, 'Patada Ígnea', 85, 90, 10, 'Suele ser un golpe crítico y tiene la probabilidad de 1 entre 10 de causar quemaduras.', 'FU'), 
(235, 'Patada Salto', 70, 95, 25, 'Si falla, el atacante recibe 1/2 del daño.', 'LU'), 
(236, 'Pat. S. Alta', 85, 90, 20, 'Si falla, el atacante recibe 1/2 del daño.', 'LU'), 
(237, 'Paz Mental', NULL, NULL, 20, 'Sube 1 nivel el At. Esp. y la Def. Esp. con concentración.', 'PS'), 
(238, 'Pedrada', 25, 80, 10, 'Lanza pedruscos al rival de 2 a 5 veces consecuitvas.', 'RO'), 
(239, 'Perforador', -1, 30, 5, 'Ataque taladro que fulmina en un golpe. No hace efecto a los Pokémon de mayor nivel.', 'TI'), 
(240, 'Persecución', 40, 100, 20, 'Hace mucho daño si el objetivo deja el combate en el mismo turno.', 'SI'), 
(241, 'Pesadilla', NULL, 100, 15, 'Si el oponente está dormido, pierde 1/4 de sus PS máximos por turno.', 'SI'), 
(242, 'Pico Taladro', 80, 100, 20, 'Picotazo giratorio y perforador muy potente.', 'VO'), 
(243, 'Picotazo', 35, 100, 35, 'Ataca con un punzante pico.', 'VO'), 
(244, 'Picotazo Ven', 15, 100, 35, 'Tiene la probabilidad de 3 entre 10 de envenenar al objetivo.', 'VE'), 
(245, 'Pin Misil', 14, 85, 20, 'Lanza finas púas que hieren de 2 a 5 veces.', 'BI'), 
(246, 'Pisotón', 65, 100, 20, 'Tremendo pisotón con 3 entre 10 de hacer retroceder al rival. Duplica el poder en Pokémon que usen Reducción.', 'NO'), 
(247, 'Pistola Agua', 40, 100, 25, 'Rocía agua para atacar.', 'AG'), 
(248, 'Placaje', 35, 95, 35, 'Embiste con todo el cuerpo.', 'NO'), 
(249, 'Placaje Eléc', 120, 100, 15, 'Placaje de alto riesgo que quita al usuario 1/3 del daño causado al oponente.', 'EL'), 
(250, 'Planta Feroz', 150, 90, 5, 'Es eficaz, pero deja inmóvil al agresor 1 turno después de atacar.', 'PL'), 
(251, 'Poder Oculto', -1, 100, 15, 'Movimiento peculiar que cambia el tipo y el poder según los genes del Pokémon que lo usa.', 'NO'), 
(252, 'Poder Pasado', 60, 100, 5, 'Tiene la probabilidad de 1 entre 10 de subir un nivel todas las características del usuario, salvo Precisión y Evasión.', 'RO'), 
(253, 'Polución', 20, 70, 20, 'Gases de escape que tiene la probabilidad de 2 entre 5 de envenenar al rival.', 'VE'), 
(254, 'Polvo Veneno', NULL, 75, 35, 'Polvo tóxico que puede envenenar al enemigo.', 'VE'), 
(255, 'Portazo', 80, 75, 20, 'Golpea con las extremidades.', 'NO'), 
(256, 'Premonición', 80, 90, 15, 'Aumenta la energía interior para golpear 2 turnos después. Produce en todos los tipos el mismo daño. Afecta a Siniestro.', 'PS'), 
(257, 'Presa', 15, 85, 20, 'Arroja esferas al rival de 2 a 5 veces.', 'AG'), 
(258, 'Presente', -1, 90, 15, 'Este ataque puede hacer daño con potencia de 40, 80 o 120 o bien puede restaurar un 1/4 de los PS máximos del rival.', 'NO'), 
(259, 'Profecía', NULL, 100, 40, 'Anula los intentos del rival de aumentar la Evasión. Hace que los ataques físicos afecten a los de tipo Fantasma.', 'PS'), 
(260, 'Protección', NULL, NULL, 10, 'Frustra por completo el ataque del oponente. Si se usa de forma continuada, pierde efectividad.', 'NO'), 
(261, 'Psicoataque', 140, 90, 5, 'Es tremendamente potente, pero baja 2 niveles el At. Esp. del usuario.', 'PS'), 
(262, 'Psicoonda', -1, 80, 15, 'Ataque con onda psíquica que causa un daño equivalente al nivel del usuario multiplicado por un número entre 0,5 y 1,5.', 'PS'), 
(263, 'Psicorrayo', 65, 100, 20, 'Extraño rayo que tiene la probabilidad de 1 entre 10 de confundir al objetivo.', 'PS'), 
(264, 'Psíquico', 90, 100, 10, 'Fuerte ataque psíquico. Tiene la probabilidad de 1 entre 10 de reducir un nivel la Defensa Especial del rival.', 'PS'), 
(265, 'Púas', NULL, NULL, 20, 'Riega púas que hieren al equipo Pokémon del rival cada vez que cambia. Se pueden echar hasta 3 series de púas.', 'NO'), 
(266, 'Pulpocañón', 65, 85, 10, 'Dispara tinta para atacar y tiene la probabilidad de 1 entre 2 de reducir 1 nivel la Precisión del rival.', 'AG'), 
(267, 'Puño Certero', 150, 100, 20, 'Fija el blanco y golpea, pero si el rival realiza un ataque que dañe mientras apunta, el puñetazo no saldrá.', 'NO'), 
(268, 'Puño Cometa', 18, 85, 15, 'Pega de 2 a 5 veces seguidas.', 'NO'), 
(269, 'Puñodinámico', 100, 50, 5, 'No es certero, pero causa confusión si atina.', 'LU'), 
(270, 'Puño Fuego', 75, 100, 15, 'Puñetazo ardiente. Tiene la probabilidad de 1 entre 10 de quemar al objetivo.', 'FU'), 
(271, 'Puño Hielo', 75, 100, 15, 'Puñetazo helado. Tiene la probabilidad de 1 entre 10 de congelar al objetivo.', 'HI'), 
(272, 'Puño Mareo', 70, 100, 10, 'Puño repetitivo que tiene la probabilidad de 1 entre 5 de confundir al objetivo.', 'LU'), 
(273, 'Puño Meteoro', 100, 85, 10, 'Impacta como un meteorito y tiene la probabilidad de 1 entre 5 de subir 1 nivel el Ataque del usuario.', 'LU'), 
(274, 'Puño Sombra', 60, NULL, 20, 'Puñetazo ineludible procedente de las sombras.', 'SI'), 
(275, 'Puño Trueno', 75, 100, 15, 'Puñetazo eléctrico. Tiene la probabilidad de 1 entre 10 de paralizar al objetivo.', 'EL'), 
(276, 'Rabia', NULL, NULL, 5, 'Si te debilitas, borra los PP del último ataque del rival.', 'NO'), 
(277, 'Ráfaga', NULL, NULL, 20, 'Ráfaga de luz que sube 2 niveles el At. Esp. Puede usarse hasta 3 veces.', 'NO'), 
(278, 'Rapidez', 60, NULL, 20, 'Lanza rayos en forma de estrella. Pega siempre.', 'NO'), 
(279, 'Rastreo', NULL, 100, 40, 'Anula los intentos del rival por aumentar la Evasión. Hace que los ataques físicos afecten a los de tipo Fantasma.', 'NO'), 
(280, 'Rayo', 95, 100, 15, 'Duro ataque eléctrico que tiene la probabilidad de 1 entre 10 de paralizar al objetivo.', 'EL'), 
(281, 'Rayo Aurora', 65, 100, 20, 'Rayo multicolor que tiene la probabilidad de 1 entre 10 de reducir un nivel el Ataque del objetivo.', 'HI'), 
(282, 'Rayo Burbuja', 65, 100, 20, 'Diluvio de burbujas que tiene la probabilidad de 1 entre 10 de reducir un nivel la Velocidad del blanco.', 'AG'), 
(283, 'Rayo Confuso', NULL, 100, 10, 'Rayo siniestro que confunde al enemigo.', 'PS'), 
(284, 'Rayo Hielo', 95, 100, 10, 'Rayo de hielo que tiene la probabilidad de 1 entre 10 de congelar al oponente.', 'HI'), 
(285, 'Rayo Solar', 120, 100, 10, '1er turno: absorbe luz. 2.°: ataca. No es necesario cargar si hace sol. Tiene la mitad de poder si llueve.', 'PL'), 
(286, 'Reciclaje', NULL, NULL, 10, 'Recicla un objeto usado para utilizarlo de nuevo.', 'NO'), 
(287, 'Recuperación', NULL, NULL, 20, 'Restaura hasta la mitad de tus PS máximos.', 'NO'), 
(288, 'Recurrente', 10, 100, 30, 'Dispara de 2 a 5 ráfagas consecutivas de semillas.', 'NO'), 
(289, 'Reducción', NULL, NULL, 20, 'El usuario mengua para aumentar un nivel la Evasión.', 'NO'), 
(290, 'Reflejo', NULL, NULL, 20, 'Pared de luz. Reduce a la mitad el daño de los ataques físicos del rival durante 5 turnos. Beneficia a todo el equipo.', 'PS'), 
(291, 'Refuerzo', NULL, NULL, 20, 'Multiplica por 1, 5 el daño de los movimientos del compañero en un duelo de 2 contra 2.', 'NO'), 
(292, 'Refugio', NULL, NULL, 40, 'El usuario se protege en su coraza y sube un nivel la Defensa.', 'NO'), 
(293, 'Relajo', NULL, NULL, 10, 'Te relaja y restaura la mitad de los PS máximos.', 'NO'), 
(294, 'Relevo', NULL, NULL, 40, 'Movimiento que transfiere los cambios de característica del usuario al siguiente Pokémon.', 'NO'), 
(295, 'Remolino', NULL, 100, 20, 'Si el rival es un PKMN salvaje, se lo lleva y termina el combate. Si es un duelo oficial, arrastra a otro PKMN.', 'AG'), 
(296, 'Rencor', NULL, 100, 10, 'Baja con rencor de 2 a 5 PP del último ataque recibido por el oponente.', 'SI'), 
(297, 'Repetición', 15, 85, 20, 'Oprime de 3 a 6 turnos en los que el objetivo no puede ser cambiado.', 'NO'), 
(298, 'Reserva', NULL, NULL, 10, 'Recarga energía hasta 3 veces aumentando por cada vez. Se combina con Escupir y con Tragar.', 'NO'), 
(299, 'Residuos', 65, 100, 20, 'Arroja residuos al rival. Tiene la probabilidad de 3 entre 10 de envenenar al objetivo.', 'VE'), 
(300, 'Resplandor', 70, 100, 5, 'Fogonazo de luz que tiene la probabilidad de 1 entre 2 de bajar 1 nivel la Def. Esp. del oponente.', 'NO'), 
(301, 'Restricción', 10, 100, 35, 'Constriñe para herir y tiene la probabilidad de 1 entre 10 de reducir 1 nivel la Velocidad del rival.', 'NO'), 
(302, 'Retroceso', -1, 100, 20, 'Ataque que aumenta su poder si el usuario está feliz con su Entrenador.', 'NO'), 
(303, 'Rizo Defensa', NULL, NULL, 40, 'Oculta su punto débil al rizarse. Sube un nivel la Defensa.', 'NO'), 
(304, 'Robo', NULL, NULL, 10, 'Roba el efecto del ataque que el rival use después.', 'SI'), 
(305, 'Ronquido', 40, 100, 15, 'Fuerte ronquido que puede usarse estando dormido. Tiene la probabilidad de 1 entre 10 de hacer retroceder al blanco.', 'NO'), 
(306, 'Rueda Fuego', 60, 100, 25, 'Ataque de fuego con 1 entre 10 de quemar al objetivo. Se puede usar estando congelado, descongelando al usuario.', 'FU'), 
(307, 'Rugido', NULL, 100, 20, 'Si el rival es un PKMN salvaje, se lo lleva y termina el combate. Si es un duelo oficial, arrastra a otro PKMN.', 'NO'), 
(308, 'Salpicadura', NULL, NULL, 40, 'No tiene ningún efecto. Sólo salpica.', 'AG'), 
(309, 'Salpicar', 150, 100, 5, 'Si tienes muchos PS, el daño que causa es mucho mayor.', 'AG'), 
(310, 'Señuelo', NULL, NULL, 20, 'Llama la atención para concentrar todos los ataques en un combate de 2 contra 2.', 'NO'), 
(311, 'Silbato', NULL, 55, 15, 'Agradable melodía que adormece al rival.', 'NO'), 
(312, 'Síntesis', NULL, NULL, 5, 'Restaura PS. Si hace sol, añade 2/3 de los PS máximos. En cambio, restaura 1/4 con Danza Lluvia o Torm. Arena.', 'PL'), 
(313, 'Sofoco', 140, 90, 5, 'Ataque en toda regla que baja 2 niveles el At. Esp. del usuario.', 'FU'), 
(314, 'Sol Matinal', NULL, NULL, 5, 'Restaura PS. Si hace sol, añade 2/3 de los PS máximos. En cambio, restaura 1/4 con Danza Lluvia o Torm. Arena.', 'NO'), 
(315, 'Somnífero', NULL, 75, 15, 'Esparce polvo que puede dormir al enemigo.', 'PL'), 
(316, 'Sonámbulo', NULL, NULL, 10, 'Elige uno de los ataques del usuario al azar. Sólo lo puede usar un Pokémon dormido.', 'PL'), 
(317, 'Sorpresa', 40, 100, 10, 'Ataca primero y causa retroceso. Solo puede usarse cuando se acaba de entrar al combate.', 'NO'), 
(318, 'Sumisión', 80, 80, 25, 'Golpe desmedido que también hiere al agresor. El atacante recibe 1/4 del daño infligido.', 'LU'), 
(319, 'Superdiente', -1, 90, 10, 'Finos colmillos que bajan a la mitad los PS del rival.', 'NO'), 
(320, 'Supersónico', NULL, 55, 20, 'Raras ondas sónicas que pueden confundir.', 'NO'), 
(321, 'Surf', 95, 100, 15, 'Crea una ola enorme y se la lanza al enemigo. Fuera del combate navega por el agua.', 'AG'), 
(322, 'Sustituto', NULL, NULL, 10, 'Crea un señuelo con 1/4 de tus PS máximos que es invulnerable a cambios de estado y a la reducción de características.', 'NO'), 
(323, 'Tajo Cruzado', 100, 80, 5, 'Corte doble que suele propinar un golpe crítico.', 'LU'), 
(324, 'Tambor', NULL, NULL, 10, 'Pierde la mitad de los PS máximos y aumenta al máximo el Ataque. Si el usuario tiene menos de la mitad de sus PS, falla.', 'NO'), 
(325, 'Telaraña', NULL, 100, 10, 'Cuerdas pegajosas que evitan que el objetivo escape hasta que se vaya el PKMN que lo usó.', 'BI'), 
(326, 'Telépata', NULL, 100, 5, 'Después de utilizar este movimiento, el siguiente ataque del usuario no fallará.', 'PS'), 
(327, 'Teletransp', NULL, NULL, 20, 'Permite escapar de Pokémon salvajes. Fuera del combate, permite volver al último Centro PKMN visitado.', 'PS'), 
(328, 'Tenaza', 35, 75, 10, 'Atrapa y atenaza con fuerza de 3 a 6 turnos en los que el objetivo no puede ser cambiado.', 'BI'), 
(329, 'Terremoto', 100, 100, 10, 'Fuerte, pero inútil contra voladores. Duplica el poder en Pokémon que usen Excavar.', 'TI'), 
(330, 'Tinieblas', -1, 100, 15, 'Se restarán tantos PS como nivel tenga el agresor.', 'SI'), 
(331, 'Tiro Vital', 70, NULL, 10, 'Siempre va después del ataque del objetivo, pero nunca falla.', 'LU'), 
(332, 'Torbellino', 15, 70, 15, 'Atrapa y daña al rival de 3 a 6 turnos impidiendo el cambio. Fuera del combate elimina torbellinos.', 'NO'), 
(333, 'Torm. Arena', NULL, NULL, 10, 'Tormenta de arena que dura 5 turnos quitando a todo pokémon que no sea Tierra, Roca ni Acero 1/16 de sus PS máximos.', 'RO'), 
(334, 'Tormento', NULL, 100, 15, 'Agobia e impide el uso reiterado de un ataque.', 'SI'), 
(335, 'Tornado', 40, 100, 35, 'Crea un tornado con las alas. Duplica el poder en Pokémon que usen Vuelo o Bote.', 'VO'), 
(336, 'Tóxico', NULL, 85, 10, 'Envenena gravemente al blanco. La cantidad de daño por el veneno aumenta cada turno.', 'VE'), 
(337, 'Tragar', NULL, NULL, 10, 'Absorbe energía acumulada y restaura PS después de usar Reserva. Cuanto más, mayor será la energía recuperada.', 'NO'), 
(338, 'Transform', NULL, NULL, 10, 'Modifica las células del rival y lo clona. Sólo hay 5 PP para cada ataque.', 'NO'), 
(339, 'Triataque', 80, 100, 10, 'Dispara 3 tipos de rayos a la vez que tienen la probabilidad de 1 entre 5 de congelar, paralizar o quemar al oponente.', 'LU'), 
(340, 'Triplepatada', 10, 90, 10, 'Patea 3 veces seguidas y cada vez más fuerte.', 'LU'), 
(341, 'Triturar', 80, 100, 15, 'Tritura con finos colmillos y tiene la probabilidad de 1 entre 5 de reducir 1 nivel la Def. Esp. del rival.', 'SI'), 
(342, 'Truco', NULL, 100, 10, 'Engaña al rival y provoca un cambio de objeto.', 'SI'), 
(343, 'Trueno', 120, 70, 10, 'Un estruendo con 3 entre 10 de paralizar. Afecta a Pokémon en Vuelo. Si llueve no falla. En sol, baja la precisión.', 'EL'), 
(344, 'Tumba Rocas', 50, 80, 10, 'Tira rocas al rival, lo para y suele bajarle 1 nivel la Velocidad.', 'RO'), 
(345, 'Ultrapuño', 40, 100, 30, 'Un puñetazo increíblemente rápido que siempre da primero.', 'LU'), 
(346, 'V. Cortante', 80, 100, 10, '1er turno: prepara. 2do: ataca. Suele ser un golpe crítico.', 'BI'), 
(347, 'Vel. Extrema', 80, 100, 5, 'Ataque demoledor que siempre golpea primero.', 'NO'), 
(348, 'Velo Sagrado', NULL, NULL, 25, 'Fuerza mística que evita problemas de estado durante 5 turnos.', 'PS'), 
(349, 'Venganza', -1, 100, 10, 'Espera dos turnos para atacar, devolviendo el doble del daño recibido.', 'LU'), 
(350, 'Ventisca', 120, 70, 5, 'Tormenta de hielo que tiene la probabilidad de 1 entre 10 de congelar al objetivo.', 'HI'), 
(351, 'Viento Hielo', 55, 95, 15, 'Ataque helado que siempre baja 1 nivel la Velocidad del oponente.', 'HI'), 
(352, 'Viento Plata', 60, 100, 5, 'Tiene la probabilidad de 1 entre 10 de subir un nivel todas las características del usuario, salvo Precisión y Evasión.', 'AC'), 
(353, 'Vozarrón', 90, 100, 10, 'Ondas sonoras de alta frecuencia que hieren.', 'NO'), 
(354, 'Vuelo', 70, 95, 15, '1er turno: vuela. 2.°: ataca. Fuera del combate permite ir a sitios ya visitados.', 'VO');


/*Habilidades*/
INSERT INTO habilidades (nombre, descripcion) VALUES
("Hedor", "Aleja a Pokémon salvajes."),
("Llovizna", "Cambia el clima a lluvioso."),
("Impulso", "Aumenta la velocidad en cada turno."),
("Armadura batalla", "Bloquea golpes críticos."),
("Robustez", "Anula golpes fulminantes."),
("Humedad", "Evita la autodestrucción."),
("Flexibilidad", "Evita la parálisis."),
("Velo arena", "Aumenta evasión con Tormenta Arena."),
("Electricidad estática", "Paraliza al mínimo contacto."),
("Absorbe electricidad", "Convierte electricidad en PS."),
("Absorbe agua", "Convierte agua en PS."),
("Despiste", "Evita la atracción."),
("Aclimatación", "Anula los efectos del clima."),
("Ojo compuesto", "Aumenta la precisión de los ataques."),
("Insomnio", "Evita el quedarse dormido."),
("Cambio color", "Toma el tipo del movimiento rival."),
("Inmunidad", "Evita el envenenamiento."),
("Absorbe fuego", "Aumenta la fuerza de los movimientos tipo fuego si el Pokémon recibe uno en vez de daño."),
("Polvo escudo", "Evita efectos secundarios."),
("Ritmo propio", "Evita la confusión."),
("Ventosas", "Fija el cuerpo con firmeza."),
("Intimidación", "Baja el ataque del rival."),
("Sombra trampa", "Evita que el enemigo huya."),
("Piel tosca", "Hiere al tacto."),
("Superguarda", "Solo afectan golpes super efectivos."),
("Levitación", "No sufre ataques tipo tierra."),
("Efecto espora", "Duerme, paraliza o envenena al contacto."),
("Sincronía", "Transmite problemas de estado."),
("Cuerpo puro", "Evita que bajen las estadísticas."),
("Cura natural", "Se cura al salir a la batalla."),
("Pararrayos", "Atrae ataques de tipo eléctrico."),
("Dicha", "Promueve efectos secundarios."),
("Nado rápido", "Con lluvia, sube la velocidad."),
("Clorofila", "Con sol, sube la velocidad."),
("Iluminación", "Facilita el encuentro con Pokémon salvajes."),
("Rastro", "Copia la habilidad especial."),
("Potencia", "Aumenta el ataque."),
("Punto tóxico", "Envenena al mínimo contacto."),
("Foco interno", "Evita el retroceso."),
("Escudo magma", "Evita el congelamiento."),
("Velo agua", "Evita las quemaduras."),
("Imán", "Atrapa Pokémon de acero."),
("Insonorizar", "Evita ataques de sonido."),
("Cura lluvia", "Sube PS cuando llueve."),
("Chorro arena", "Crea una tormenta de arena."),
("Presión", "Baja los PP del enemigo."),
("Sebo", "Protege del frío y calor."),
("Madrugar", "Despierta rápido al Pokémon."),
("Cuerpo llama", "Quema al mínimo contacto."),
("Fuga", "Facilita la huida."),
("Vista lince", "Evita que baje la precisión."),
("Corte fuerte", "Evita que baje el ataque."),
("Recogida", "Puede tomar objetos."),
("Ausente", "Interviene cada dos rondas."),
("Entusiasmo", "Cambia precisión por Ataque."),
("Gran encanto", "enamora al mínimo contacto."),
("Más", "Mejora con la habilidad Menos."),
("Menos", "Mejora con la habilidad Más."),
("Predicción", "Cambia de forma con el clima."),
("Viscosidad", "Evita el robo de objetos."),
("Mudar", "Se cura mudando la piel."),
("Agallas", "Sube el ataque si el Pokémon sufre un cambio de estado."),
("Escama especial", "Sube la defensa si sufre."),
("Lodo líquido", "Al robar PS, hiere."),
("Espesura", "Sube ataques tipo planta."),
("Mar llamas", "Sube ataques tipo fuego."),
("Torrente", "Sube ataques tipo agua."),
("Enjambre", "Incrementa el poder de ataques tipo bicho."),
("Cabeza roca", "Evita el daño colateral causado por movimientos del usuario."),
("Sequía", "Cambia el clima a soleado en batalla."),
("Trampa arena", "Evita la huida."),
("Espíritu vital", "Evita el quedarse dormido."),
("Humo blanco", "Evita que bajen las estadísticas."),
("Energía pura", "Sube el ataque."),
("Caparazón", "Bloquea golpes críticos."),
("Bucle aire", "Anula los efectos del clima."),
("Tumbos", "Sube la evasión si el Pokémon está confuso."),
("Electromotor", "Aumenta la rapidez si es golpeado con un ataque tipo eléctrico."),
("Rivalidad", "Sube el ataque si el rival es del mismo sexo."),
("Impasible", "Sube la velocidad cada vez que el Pokémon retrocede."),
("Manto níveo", "Más evasión con Granizo."),
("Gula", "Aumenta la rapidez del uso de las bayas equipadas."),
("Irascible", "Potencia el ataque tras recibir un golpe crítico."),
("Liviano", "Sube la velocidad al perder un objeto equipado."),
("Ignífugo", "Reduce el poder de los ataques tipo fuego."),
("Simple", "Cambia las características de la forma más audaz."),
("Piel seca", "Pierde PS si hace calor. Los recupera con agua."),
("Descarga", "Ajusta el poder acorde con la habilidad del rival."),
("Puño férreo", "Aumenta el poder de los puños."),
("Antídoto", "Sube PS si el Pokémon está envenenado."),
("Adaptable", "Potencia los movimientos del mismo tipo."),
("Encadenado", "Incrementa la frecuencia de golpes en los ataques de golpeo múltiple."),
("Hidratación", "Cura los problemas de estado si está lloviendo."),
("Poder solar", "Aumenta el ataque esp. y baja PS con sol."),
("Pies rápidos", "Potencia la velocidad si hay problemas de estado."),
("Normalidad", "Todos los movimientos de este Pokémon son de tipo normal."),
("Francotirador", "Potencia los movimientos que se vuelven críticos."),
("Muro mágico", "Al Pokémon solo le afectan ataques directos."),
("Indefenso", "El ataque del Pokémon y el del rival acertarán."),
("Rezagado", "El Pokémon se moverá en segundo lugar."),
("Experto", "Aumenta el poder de los ataques débiles."),
("Defensa hoja", "Previene problemas de estado con día soleado."),
("Zoquete", "El Pokémon no puede usar ningún objeto equipado."),
("Rompemoldes", "No importan las habilidades para usar movimientos."),
("Afortunado", "Aumenta la posibilidad de producir un ataque crítico."),
("Resquicio", "Daña al rival que le ha dado el golpe de gracia."),
("Anticipación", "Siente los ataques peligrosos del rival."),
("Alerta", "Determina el ataque más potente del Pokémon rival."),
("Ignorante", "Ignora cualquier cambio en la habilidad del enemigo."),
("Cromolente", "Potencia los movimientos poco eficaces."),
("Filtro", "Mitiga los movimientos super efectivos."),
("Inicio lento", "Reduce el ataque y la velocidad."),
("Intrépido", "Permite golpear a los Pokémon de tipo fantasma."),
("Colector", "Atrae ataques de tipo agua lanzados a un Pokémon."),
("Gélido", "Sube PS con Granizo."),
("Roca sólida", "Reduce el poder de los ataques super efectivos del rival."),
("Nevada", "El Pokémon invoca una tormenta de granizo."),
("Recogemiel", "El Pokémon recoge miel de donde puede."),
("Cacheo", "El Pokémon puede ver el objeto equipado del rival."),
("Audaz", "Aumenta el poder de los ataques que causan retroceso."),
("Multitipo", "Cambia con la tabla equipada."),
("Don floral", "Aumenta el poder con día soleado."),
("Mal sueño", "Reduce los PS del enemigo cuando duerme.");

/*Dónde se puede encontrar cada Pokémon*/
/*Estos datos se han introducido de forma aleatoria porque la dimensión del trabajo no se ajustaba en tiempo y esfuerzo a lo requerido, pero nos gustaría poder ajustarlo al propio juego en el futuro.*/
/*Para generar el script aleatorio hemos creado un pequeño programa en Java que coge todos los Pokémon y les asigna entre 1 y 10 localizaciones aleatorias de entre todas las disponibles

		final int NUMERO_DE_POKEMON = 251;
        final int NUMERO_DE_LOCALIZACIONES = 102;
        System.out.println("INSERT INTO vive (id_pokemon, id_localizacion) VALUES");
        for (int id_pokemon = 1; id_pokemon <= NUMERO_DE_POKEMON ; id_pokemon++) {
            int cantidadDeLocalizaciones = (int) (Math.random()*10+1);
            int[] localizaciones = new int[cantidadDeLocalizaciones];
            for (int i = 0; i < cantidadDeLocalizaciones ; i++) {
                localizaciones[i] = (int) (Math.random()*NUMERO_DE_LOCALIZACIONES+1);
                for (int j=0; j<i; j++){
                    //Si el número se ha repetido, le restamos uno a la variable i para repetir esa iteración hasta que no se repita
                    if (localizaciones[i] == localizaciones[j]) {
                        i--;
                        break;
                    }
                }
            }
            for (int id_localizacion : localizaciones){
                System.out.println("("+id_pokemon+", "+id_localizacion+"),");
            }
        }
*/   
     
INSERT INTO vive (id_pokemon, id_localizacion) VALUES
(1, 38),
(1, 13),
(1, 79),
(1, 33),
(1, 15),
(1, 62),
(1, 7),
(1, 76),
(1, 34),
(1, 71),
(2, 13),
(2, 67),
(2, 87),
(3, 87),
(3, 34),
(3, 73),
(3, 90),
(4, 39),
(4, 40),
(4, 86),
(4, 68),
(4, 101),
(5, 69),
(5, 52),
(5, 76),
(5, 5),
(5, 23),
(5, 67),
(6, 48),
(6, 22),
(6, 47),
(6, 70),
(7, 39),
(7, 81),
(7, 83),
(7, 96),
(7, 23),
(7, 93),
(8, 87),
(8, 77),
(8, 16),
(8, 76),
(8, 33),
(8, 15),
(8, 54),
(8, 43),
(9, 82),
(9, 43),
(9, 98),
(9, 17),
(9, 80),
(10, 78),
(10, 32),
(10, 100),
(11, 73),
(11, 11),
(11, 102),
(11, 76),
(12, 66),
(12, 20),
(12, 86),
(12, 50),
(12, 26),
(12, 78),
(12, 33),
(12, 71),
(12, 93),
(13, 50),
(13, 12),
(14, 37),
(14, 43),
(14, 57),
(14, 65),
(14, 84),
(14, 53),
(14, 71),
(15, 70),
(15, 83),
(15, 68),
(15, 47),
(15, 85),
(15, 4),
(15, 54),
(16, 21),
(16, 93),
(16, 34),
(16, 86),
(17, 95),
(18, 10),
(18, 55),
(18, 66),
(19, 60),
(19, 66),
(19, 4),
(19, 77),
(19, 30),
(19, 68),
(20, 64),
(20, 95),
(20, 61),
(20, 27),
(20, 1),
(21, 27),
(22, 27),
(22, 94),
(22, 51),
(22, 60),
(22, 24),
(22, 55),
(22, 76),
(22, 40),
(23, 33),
(23, 99),
(23, 1),
(23, 31),
(23, 18),
(23, 82),
(23, 53),
(24, 16),
(24, 29),
(24, 101),
(24, 80),
(24, 84),
(25, 57),
(25, 84),
(25, 71),
(25, 87),
(25, 21),
(25, 96),
(25, 22),
(25, 72),
(25, 30),
(25, 88),
(26, 5),
(26, 70),
(26, 57),
(26, 60),
(27, 80),
(28, 6),
(28, 24),
(29, 40),
(29, 100),
(29, 95),
(29, 91),
(29, 82),
(29, 89),
(29, 32),
(29, 18),
(29, 60),
(29, 22),
(30, 34),
(30, 31),
(30, 8),
(30, 46),
(30, 11),
(30, 99),
(30, 76),
(30, 48),
(31, 32),
(31, 100),
(31, 6),
(31, 22),
(31, 61),
(32, 93),
(32, 24),
(32, 1),
(32, 72),
(33, 27),
(33, 70),
(33, 98),
(33, 32),
(33, 74),
(33, 91),
(34, 81),
(34, 50),
(34, 26),
(34, 78),
(34, 29),
(34, 73),
(34, 15),
(35, 70),
(35, 2),
(35, 96),
(35, 102),
(35, 100),
(36, 24),
(36, 86),
(36, 72),
(36, 50),
(37, 27),
(37, 94),
(37, 35),
(37, 47),
(37, 95),
(37, 29),
(37, 96),
(37, 8),
(37, 61),
(37, 16),
(38, 10),
(38, 58),
(38, 73),
(38, 27),
(38, 3),
(38, 45),
(38, 62),
(38, 61),
(39, 1),
(39, 92),
(39, 84),
(39, 59),
(39, 4),
(39, 69),
(39, 17),
(39, 49),
(40, 61),
(40, 44),
(40, 83),
(40, 37),
(40, 48),
(40, 20),
(40, 25),
(40, 59),
(40, 90),
(40, 65),
(41, 41),
(41, 12),
(41, 11),
(41, 80),
(41, 2),
(41, 82),
(42, 58),
(42, 42),
(42, 11),
(42, 86),
(42, 88),
(42, 49),
(42, 69),
(43, 70),
(43, 5),
(43, 32),
(44, 93),
(44, 38),
(44, 22),
(44, 62),
(44, 48),
(44, 72),
(44, 86),
(44, 92),
(44, 36),
(45, 42),
(45, 95),
(45, 82),
(45, 88),
(45, 92),
(45, 80),
(46, 38),
(46, 15),
(46, 43),
(46, 94),
(46, 47),
(47, 9),
(47, 14),
(47, 44),
(47, 6),
(47, 39),
(47, 30),
(47, 82),
(47, 68),
(48, 80),
(48, 44),
(48, 7),
(48, 97),
(48, 40),
(49, 78),
(49, 71),
(49, 74),
(49, 95),
(50, 77),
(50, 87),
(50, 74),
(50, 1),
(50, 37),
(50, 66),
(50, 28),
(50, 29),
(51, 72),
(51, 7),
(51, 39),
(52, 67),
(52, 21),
(52, 97),
(52, 41),
(52, 62),
(52, 50),
(52, 57),
(52, 17),
(52, 61),
(52, 60),
(53, 54),
(54, 95),
(54, 43),
(54, 3),
(55, 94),
(55, 62),
(55, 18),
(55, 44),
(55, 63),
(55, 52),
(56, 67),
(56, 28),
(56, 91),
(56, 51),
(56, 32),
(57, 12),
(57, 54),
(57, 52),
(57, 89),
(58, 100),
(59, 78),
(60, 28),
(60, 34),
(60, 11),
(60, 96),
(60, 69),
(61, 13),
(62, 95),
(62, 10),
(63, 58),
(63, 81),
(63, 29),
(63, 14),
(63, 93),
(63, 52),
(63, 12),
(63, 69),
(63, 8),
(63, 51),
(64, 23),
(64, 95),
(65, 68),
(65, 55),
(65, 18),
(65, 15),
(66, 4),
(66, 82),
(66, 19),
(66, 50),
(66, 75),
(66, 12),
(67, 90),
(68, 58),
(68, 90),
(69, 89),
(69, 100),
(69, 96),
(69, 21),
(69, 6),
(70, 36),
(70, 89),
(71, 34),
(72, 42),
(72, 33),
(72, 69),
(72, 12),
(72, 86),
(72, 71),
(72, 61),
(72, 30),
(72, 23),
(73, 81),
(73, 17),
(73, 73),
(74, 36),
(74, 10),
(74, 23),
(74, 37),
(74, 18),
(74, 6),
(74, 12),
(74, 41),
(75, 9),
(75, 33),
(75, 85),
(75, 88),
(75, 71),
(75, 3),
(75, 26),
(75, 80),
(75, 90),
(75, 91),
(76, 19),
(76, 102),
(76, 66),
(76, 36),
(77, 2),
(77, 95),
(77, 68),
(77, 74),
(77, 30),
(78, 69),
(79, 66),
(79, 87),
(79, 59),
(79, 23),
(79, 68),
(80, 62),
(80, 49),
(80, 22),
(81, 71),
(81, 88),
(81, 31),
(82, 49),
(82, 27),
(83, 25),
(83, 15),
(83, 9),
(83, 100),
(83, 88),
(84, 32),
(84, 3),
(84, 48),
(84, 22),
(84, 58),
(84, 57),
(84, 72),
(84, 66),
(85, 11),
(85, 61),
(85, 6),
(85, 81),
(85, 16),
(85, 1),
(85, 42),
(85, 43),
(85, 3),
(86, 40),
(87, 28),
(87, 40),
(87, 86),
(87, 97),
(87, 6),
(87, 71),
(88, 21),
(88, 20),
(88, 98),
(88, 55),
(88, 41),
(88, 64),
(89, 27),
(89, 14),
(89, 57),
(89, 77),
(89, 29),
(89, 16),
(89, 81),
(89, 50),
(90, 46),
(90, 16),
(90, 37),
(90, 3),
(90, 70),
(90, 19),
(90, 43),
(90, 100),
(90, 13),
(90, 63),
(91, 58),
(91, 5),
(92, 58),
(92, 40),
(92, 93),
(92, 92),
(93, 71),
(93, 85),
(93, 60),
(93, 36),
(93, 100),
(93, 24),
(93, 62),
(94, 100),
(94, 25),
(95, 45),
(95, 21),
(95, 24),
(95, 30),
(95, 99),
(95, 17),
(95, 43),
(96, 17),
(96, 52),
(96, 72),
(96, 86),
(97, 79),
(97, 32),
(97, 62),
(97, 87),
(97, 30),
(98, 14),
(98, 38),
(98, 28),
(98, 29),
(98, 5),
(99, 16),
(99, 49),
(99, 9),
(99, 1),
(100, 59),
(100, 19),
(100, 95),
(100, 52),
(100, 20),
(100, 98),
(100, 37),
(100, 61),
(100, 43),
(100, 86),
(101, 101),
(101, 17),
(101, 28),
(101, 34),
(101, 62),
(102, 80),
(102, 61),
(102, 100),
(103, 53),
(103, 44),
(103, 6),
(103, 7),
(103, 29),
(103, 91),
(103, 68),
(103, 47),
(104, 55),
(104, 77),
(104, 70),
(104, 95),
(104, 23),
(104, 27),
(104, 38),
(104, 97),
(104, 16),
(104, 9),
(105, 62),
(105, 94),
(105, 11),
(105, 55),
(106, 13),
(106, 98),
(106, 5),
(106, 20),
(106, 93),
(106, 46),
(106, 83),
(106, 19),
(106, 48),
(107, 2),
(107, 43),
(107, 30),
(107, 33),
(107, 23),
(107, 78),
(108, 10),
(108, 35),
(108, 91),
(108, 4),
(108, 45),
(109, 53),
(109, 75),
(109, 72),
(109, 93),
(109, 81),
(109, 48),
(109, 79),
(109, 88),
(109, 10),
(110, 2),
(110, 96),
(110, 87),
(110, 30),
(110, 73),
(110, 71),
(111, 10),
(111, 92),
(111, 29),
(111, 93),
(111, 50),
(112, 21),
(112, 63),
(112, 75),
(112, 10),
(112, 13),
(112, 17),
(112, 37),
(112, 67),
(113, 87),
(113, 20),
(113, 85),
(113, 54),
(113, 19),
(113, 13),
(113, 59),
(114, 7),
(114, 81),
(114, 85),
(114, 42),
(114, 100),
(114, 94),
(114, 54),
(114, 76),
(115, 89),
(115, 17),
(115, 101),
(115, 44),
(115, 9),
(115, 95),
(115, 6),
(116, 82),
(116, 42),
(116, 81),
(116, 8),
(116, 50),
(116, 18),
(117, 80),
(117, 82),
(117, 91),
(117, 62),
(117, 101),
(118, 60),
(118, 102),
(118, 29),
(118, 63),
(118, 95),
(118, 14),
(118, 100),
(118, 7),
(118, 16),
(118, 76),
(119, 58),
(119, 95),
(119, 28),
(119, 35),
(119, 8),
(119, 89),
(119, 11),
(120, 61),
(120, 88),
(120, 6),
(120, 71),
(120, 34),
(121, 22),
(121, 76),
(121, 60),
(121, 91),
(121, 30),
(121, 65),
(121, 23),
(121, 69),
(121, 95),
(122, 50),
(122, 70),
(122, 82),
(122, 71),
(122, 57),
(122, 36),
(123, 33),
(123, 22),
(123, 78),
(123, 73),
(123, 99),
(123, 97),
(123, 38),
(123, 23),
(123, 55),
(123, 30),
(124, 57),
(124, 19),
(125, 30),
(125, 67),
(125, 50),
(126, 97),
(126, 43),
(127, 31),
(127, 37),
(127, 27),
(127, 60),
(128, 21),
(128, 24),
(128, 102),
(128, 67),
(128, 92),
(129, 95),
(129, 13),
(129, 8),
(129, 85),
(129, 57),
(129, 4),
(129, 60),
(129, 93),
(130, 40),
(130, 93),
(131, 4),
(131, 29),
(131, 27),
(131, 14),
(131, 34),
(131, 92),
(131, 65),
(131, 96),
(131, 72),
(131, 68),
(132, 83),
(132, 51),
(132, 26),
(132, 31),
(133, 3),
(134, 2),
(134, 10),
(134, 6),
(134, 45),
(134, 55),
(134, 97),
(134, 36),
(134, 31),
(135, 12),
(135, 72),
(135, 96),
(135, 81),
(135, 73),
(135, 80),
(136, 56),
(136, 87),
(137, 13),
(137, 53),
(137, 57),
(137, 56),
(138, 54),
(138, 43),
(138, 31),
(138, 92),
(138, 42),
(138, 73),
(138, 83),
(139, 39),
(139, 21),
(139, 70),
(139, 96),
(139, 58),
(139, 2),
(139, 48),
(140, 76),
(140, 91),
(140, 41),
(140, 70),
(140, 79),
(140, 96),
(141, 7),
(142, 56),
(142, 26),
(142, 84),
(142, 41),
(142, 30),
(142, 5),
(142, 82),
(142, 87),
(143, 56),
(144, 37),
(144, 102),
(145, 37),
(145, 42),
(145, 88),
(145, 98),
(145, 1),
(145, 82),
(146, 94),
(146, 92),
(146, 8),
(146, 19),
(147, 101),
(147, 72),
(147, 94),
(148, 3),
(148, 92),
(148, 49),
(148, 61),
(148, 47),
(148, 56),
(148, 8),
(148, 45),
(148, 11),
(148, 57),
(149, 74),
(149, 8),
(149, 1),
(150, 32),
(150, 45),
(150, 71),
(151, 37),
(151, 76),
(152, 72),
(152, 21),
(152, 87),
(152, 65),
(152, 42),
(152, 13),
(152, 93),
(152, 55),
(152, 26),
(152, 34),
(153, 79),
(154, 13),
(154, 99),
(154, 70),
(154, 12),
(154, 61),
(154, 93),
(154, 49),
(154, 18),
(154, 11),
(155, 62),
(155, 28),
(155, 87),
(155, 70),
(155, 74),
(155, 73),
(155, 54),
(155, 67),
(156, 68),
(156, 5),
(156, 92),
(157, 17),
(157, 4),
(157, 35),
(157, 7),
(157, 50),
(157, 60),
(157, 100),
(157, 97),
(158, 51),
(158, 26),
(158, 43),
(158, 69),
(158, 8),
(158, 11),
(158, 67),
(158, 39),
(158, 36),
(158, 2),
(159, 25),
(159, 53),
(159, 76),
(159, 92),
(160, 19),
(160, 69),
(160, 35),
(160, 82),
(160, 6),
(160, 65),
(160, 85),
(160, 1),
(161, 90),
(161, 88),
(161, 66),
(161, 32),
(161, 31),
(161, 30),
(161, 80),
(162, 39),
(162, 5),
(162, 33),
(162, 91),
(162, 54),
(162, 90),
(162, 25),
(162, 101),
(163, 4),
(163, 70),
(164, 40),
(164, 38),
(164, 36),
(164, 21),
(164, 84),
(164, 62),
(165, 44),
(165, 58),
(165, 51),
(165, 93),
(165, 94),
(165, 86),
(165, 33),
(166, 20),
(166, 17),
(166, 69),
(166, 101),
(166, 14),
(166, 44),
(167, 49),
(168, 95),
(168, 57),
(168, 74),
(168, 4),
(168, 13),
(169, 52),
(170, 15),
(170, 6),
(170, 54),
(170, 55),
(170, 18),
(170, 39),
(170, 102),
(170, 99),
(170, 33),
(171, 8),
(171, 40),
(171, 94),
(171, 91),
(171, 95),
(172, 71),
(172, 88),
(172, 75),
(172, 47),
(172, 102),
(173, 80),
(173, 25),
(173, 28),
(173, 48),
(173, 97),
(173, 29),
(173, 22),
(173, 47),
(173, 54),
(173, 83),
(174, 101),
(174, 53),
(174, 86),
(174, 9),
(174, 47),
(174, 74),
(174, 14),
(174, 67),
(174, 85),
(175, 75),
(176, 97),
(177, 47),
(177, 85),
(177, 20),
(177, 33),
(178, 33),
(178, 75),
(178, 6),
(178, 86),
(178, 68),
(178, 13),
(178, 70),
(178, 16),
(179, 34),
(180, 78),
(180, 37),
(180, 77),
(181, 25),
(181, 93),
(181, 34),
(181, 83),
(181, 79),
(181, 27),
(181, 35),
(181, 64),
(181, 38),
(181, 78),
(182, 99),
(182, 64),
(182, 20),
(182, 59),
(182, 26),
(182, 72),
(182, 18),
(183, 43),
(183, 3),
(183, 68),
(183, 12),
(183, 8),
(183, 93),
(183, 36),
(184, 2),
(184, 57),
(184, 78),
(184, 56),
(184, 37),
(184, 42),
(184, 77),
(185, 26),
(185, 91),
(185, 24),
(185, 15),
(186, 42),
(186, 38),
(186, 58),
(186, 74),
(186, 95),
(186, 66),
(186, 83),
(186, 36),
(187, 65),
(187, 97),
(187, 90),
(187, 76),
(187, 70),
(187, 3),
(187, 96),
(187, 71),
(187, 7),
(187, 40),
(188, 32),
(188, 53),
(188, 56),
(188, 76),
(188, 90),
(188, 87),
(188, 97),
(188, 82),
(188, 36),
(188, 8),
(189, 25),
(189, 61),
(189, 33),
(189, 14),
(189, 86),
(189, 76),
(189, 17),
(190, 63),
(190, 84),
(190, 36),
(190, 101),
(190, 1),
(190, 31),
(190, 102),
(190, 28),
(190, 47),
(191, 33),
(192, 84),
(192, 67),
(193, 81),
(193, 78),
(193, 47),
(193, 94),
(193, 24),
(193, 68),
(193, 100),
(193, 61),
(193, 77),
(194, 78),
(194, 19),
(194, 15),
(194, 53),
(194, 51),
(194, 31),
(194, 60),
(194, 20),
(194, 94),
(194, 91),
(195, 61),
(195, 17),
(195, 76),
(195, 44),
(195, 16),
(195, 25),
(196, 59),
(196, 49),
(196, 82),
(196, 58),
(196, 18),
(196, 86),
(196, 41),
(196, 79),
(197, 86),
(197, 11),
(198, 55),
(199, 29),
(199, 75),
(199, 2),
(199, 43),
(199, 20),
(199, 30),
(199, 57),
(199, 22),
(199, 18),
(200, 60),
(200, 65),
(200, 73),
(200, 32),
(200, 63),
(200, 74),
(200, 59),
(200, 76),
(200, 67),
(200, 8),
(201, 53),
(201, 39),
(201, 59),
(201, 38),
(201, 22),
(201, 19),
(201, 94),
(202, 64),
(202, 70),
(202, 58),
(202, 23),
(202, 2),
(203, 84),
(203, 14),
(204, 62),
(204, 58),
(204, 44),
(204, 96),
(204, 87),
(204, 31),
(204, 2),
(204, 18),
(204, 75),
(204, 100),
(205, 90),
(205, 19),
(205, 44),
(206, 100),
(206, 10),
(206, 55),
(207, 92),
(207, 59),
(207, 52),
(207, 66),
(207, 96),
(208, 39),
(208, 45),
(208, 8),
(208, 75),
(208, 67),
(208, 72),
(208, 63),
(209, 14),
(209, 81),
(210, 77),
(210, 33),
(210, 53),
(210, 89),
(210, 60),
(210, 68),
(210, 64),
(210, 34),
(210, 86),
(210, 19),
(211, 84),
(211, 19),
(212, 57),
(212, 29),
(212, 37),
(212, 48),
(212, 13),
(212, 45),
(212, 28),
(213, 102),
(213, 62),
(213, 48),
(213, 9),
(214, 72),
(214, 32),
(214, 86),
(214, 55),
(214, 6),
(215, 21),
(215, 77),
(215, 3),
(215, 42),
(215, 61),
(215, 75),
(216, 7),
(216, 8),
(216, 82),
(216, 18),
(216, 37),
(216, 57),
(216, 27),
(216, 76),
(217, 43),
(217, 7),
(217, 57),
(217, 26),
(217, 62),
(217, 4),
(218, 65),
(218, 10),
(219, 66),
(219, 27),
(219, 83),
(219, 9),
(219, 45),
(219, 3),
(219, 1),
(219, 21),
(219, 22),
(219, 58),
(220, 57),
(220, 76),
(221, 42),
(221, 59),
(222, 37),
(222, 74),
(222, 68),
(222, 36),
(222, 84),
(222, 93),
(222, 15),
(223, 92),
(223, 27),
(223, 47),
(223, 84),
(224, 30),
(224, 42),
(224, 56),
(224, 62),
(224, 45),
(225, 6),
(225, 91),
(225, 18),
(225, 50),
(225, 57),
(225, 31),
(225, 41),
(225, 12),
(226, 77),
(226, 15),
(226, 27),
(226, 47),
(226, 100),
(226, 28),
(226, 51),
(226, 101),
(227, 9),
(227, 8),
(227, 74),
(227, 94),
(227, 83),
(227, 75),
(227, 67),
(227, 84),
(228, 21),
(228, 10),
(228, 73),
(228, 49),
(228, 95),
(228, 53),
(228, 45),
(228, 32),
(229, 1),
(230, 69),
(230, 41),
(230, 59),
(230, 91),
(230, 76),
(230, 24),
(230, 40),
(230, 78),
(231, 69),
(231, 68),
(231, 6),
(231, 16),
(231, 49),
(231, 34),
(231, 17),
(231, 14),
(232, 13),
(232, 69),
(232, 44),
(232, 10),
(232, 68),
(233, 95),
(233, 42),
(233, 41),
(233, 94),
(233, 63),
(233, 75),
(233, 81),
(233, 28),
(234, 66),
(234, 84),
(234, 81),
(234, 83),
(234, 38),
(234, 101),
(234, 90),
(234, 50),
(234, 20),
(234, 92),
(235, 98),
(235, 33),
(235, 79),
(236, 6),
(237, 51),
(237, 64),
(238, 67),
(238, 31),
(238, 49),
(238, 8),
(238, 4),
(238, 11),
(239, 55),
(239, 85),
(239, 56),
(239, 40),
(239, 99),
(239, 37),
(239, 35),
(240, 81),
(240, 36),
(240, 64),
(240, 63),
(240, 76),
(240, 48),
(241, 47),
(241, 69),
(241, 40),
(241, 31),
(241, 77),
(242, 14),
(242, 75),
(242, 20),
(242, 45),
(242, 79),
(243, 50),
(243, 77),
(243, 52),
(243, 44),
(243, 28),
(243, 96),
(243, 97),
(243, 5),
(243, 11),
(243, 36),
(244, 49),
(244, 19),
(244, 73),
(244, 38),
(244, 22),
(244, 92),
(244, 6),
(244, 59),
(245, 18),
(245, 100),
(245, 39),
(245, 101),
(245, 72),
(246, 42),
(246, 10),
(246, 75),
(246, 39),
(246, 77),
(246, 79),
(246, 58),
(246, 86),
(246, 84),
(247, 102),
(248, 47),
(248, 21),
(248, 36),
(248, 46),
(248, 62),
(248, 3),
(248, 95),
(249, 24),
(249, 41),
(250, 34),
(250, 62),
(250, 99),
(250, 2),
(250, 59),
(250, 16),
(250, 71),
(250, 11),
(250, 76),
(250, 38),
(251, 88),
(251, 11),
(251, 61),
(251, 9),
(251, 77),
(251, 100),
(251, 79),
(251, 51);

/*Habilidades de cada Pokémon*/
/*Estos datos se han introducido de forma aleatoria porque la dimensión del trabajo no se ajustaba en tiempo y esfuerzo a lo requerido, pero nos gustaría poder ajustarlo al propio juego en el futuro.*/
/*Para generar el script aleatorio hemos creado un pequeño programa en Java que coge todos los Pokémon y les asigna entre 1 y 3 habilidades aleatorias de entre todas las disponibles

		final int NUMERO_DE_POKEMON = 251;
        final int NUMERO_DE_HABILIDADES = 123;
        System.out.println("INSERT INTO tiene_habilidad (id_pokemon, id_habilidad) VALUES");
        for (int id_pokemon = 1; id_pokemon <= NUMERO_DE_POKEMON ; id_pokemon++) {
            int cantidadDeHabilidades = (int) (Math.random()*3+1);
            int[] habilidades = new int[cantidadDeHabilidades];
            for (int i = 0; i < cantidadDeHabilidades ; i++) {
                habilidades[i] = (int) (Math.random()*NUMERO_DE_HABILIDADES+1);
                for (int j=0; j<i; j++){
                    //Si el número se ha repetido, le restamos uno a la variable i para repetir esa iteración hasta que no se repita
                    if (habilidades[i] == habilidades[j]) {
                        i--;
                        break;
                    }
                }
            }
            for (int id_habilidad : habilidades){
                System.out.println("("+id_pokemon+", "+id_habilidad+"),");
            }
        }
*/

INSERT INTO tiene_habilidad (id_pokemon, id_habilidad) VALUES
(1, 40),
(1, 1),
(2, 20),
(3, 10),
(3, 91),
(3, 8),
(4, 40),
(5, 66),
(5, 11),
(5, 118),
(6, 102),
(7, 100),
(7, 20),
(7, 108),
(8, 22),
(9, 30),
(10, 46),
(11, 105),
(11, 110),
(11, 60),
(12, 19),
(12, 51),
(13, 102),
(14, 63),
(15, 107),
(15, 106),
(15, 70),
(16, 28),
(16, 27),
(16, 66),
(17, 15),
(17, 90),
(17, 31),
(18, 90),
(18, 75),
(18, 83),
(19, 123),
(19, 77),
(19, 69),
(20, 64),
(20, 14),
(20, 34),
(21, 24),
(21, 73),
(21, 6),
(22, 98),
(22, 41),
(22, 30),
(23, 123),
(23, 49),
(24, 121),
(25, 46),
(25, 115),
(26, 45),
(26, 107),
(26, 108),
(27, 72),
(28, 88),
(28, 100),
(28, 8),
(29, 102),
(30, 4),
(30, 15),
(30, 20),
(31, 12),
(31, 103),
(31, 101),
(32, 48),
(33, 4),
(33, 95),
(34, 90),
(34, 29),
(35, 83),
(36, 57),
(36, 94),
(36, 21),
(37, 50),
(37, 55),
(38, 109),
(38, 16),
(38, 35),
(39, 86),
(40, 118),
(40, 37),
(41, 35),
(42, 93),
(42, 80),
(42, 45),
(43, 70),
(43, 115),
(43, 100),
(44, 114),
(45, 101),
(46, 76),
(47, 105),
(48, 85),
(48, 17),
(49, 56),
(50, 13),
(51, 66),
(51, 12),
(52, 96),
(52, 30),
(53, 65),
(53, 14),
(53, 116),
(54, 118),
(54, 115),
(55, 95),
(56, 102),
(57, 17),
(57, 50),
(57, 108),
(58, 19),
(58, 84),
(58, 42),
(59, 79),
(59, 63),
(59, 105),
(60, 87),
(60, 48),
(61, 78),
(62, 38),
(62, 60),
(63, 30),
(63, 87),
(63, 115),
(64, 54),
(65, 33),
(65, 103),
(66, 71),
(66, 29),
(66, 32),
(67, 73),
(67, 81),
(67, 116),
(68, 106),
(69, 33),
(69, 89),
(69, 31),
(70, 111),
(71, 68),
(71, 82),
(72, 20),
(72, 108),
(73, 33),
(74, 16),
(74, 115),
(75, 18),
(75, 79),
(76, 10),
(76, 3),
(76, 122),
(77, 57),
(77, 95),
(78, 14),
(78, 58),
(79, 43),
(80, 67),
(80, 55),
(80, 87),
(81, 84),
(81, 4),
(82, 40),
(83, 123),
(83, 39),
(84, 74),
(84, 15),
(85, 89),
(85, 98),
(85, 111),
(86, 40),
(87, 76),
(87, 122),
(88, 75),
(88, 24),
(88, 119),
(89, 33),
(89, 77),
(89, 89),
(90, 78),
(90, 5),
(90, 57),
(91, 68),
(91, 6),
(91, 84),
(92, 114),
(92, 18),
(92, 37),
(93, 38),
(94, 62),
(94, 63),
(94, 28),
(95, 107),
(96, 16),
(96, 62),
(96, 49),
(97, 79),
(97, 104),
(97, 70),
(98, 31),
(98, 99),
(99, 90),
(99, 70),
(100, 50),
(100, 73),
(100, 84),
(101, 9),
(102, 31),
(102, 113),
(102, 94),
(103, 39),
(104, 48),
(105, 28),
(105, 42),
(105, 61),
(106, 28),
(106, 121),
(107, 21),
(107, 103),
(108, 74),
(109, 60),
(109, 102),
(110, 99),
(110, 32),
(111, 5),
(111, 123),
(112, 113),
(113, 97),
(114, 53),
(114, 72),
(114, 35),
(115, 94),
(116, 97),
(116, 114),
(117, 81),
(117, 123),
(118, 103),
(119, 77),
(119, 108),
(119, 66),
(120, 1),
(120, 55),
(121, 123),
(122, 76),
(122, 111),
(122, 89),
(123, 53),
(123, 121),
(124, 27),
(124, 90),
(124, 65),
(125, 47),
(125, 64),
(126, 21),
(127, 54),
(127, 106),
(128, 58),
(128, 16),
(129, 52),
(129, 89),
(129, 92),
(130, 2),
(131, 24),
(131, 28),
(132, 87),
(132, 12),
(133, 12),
(133, 113),
(133, 9),
(134, 25),
(135, 49),
(135, 10),
(136, 10),
(136, 58),
(137, 25),
(138, 55),
(138, 10),
(139, 71),
(140, 2),
(140, 68),
(141, 109),
(141, 51),
(141, 67),
(142, 103),
(142, 69),
(143, 30),
(143, 39),
(143, 83),
(144, 119),
(144, 96),
(144, 4),
(145, 92),
(145, 34),
(145, 54),
(146, 42),
(146, 11),
(146, 61),
(147, 12),
(147, 3),
(148, 18),
(149, 101),
(149, 103),
(149, 25),
(150, 68),
(151, 42),
(151, 97),
(152, 84),
(153, 108),
(153, 12),
(153, 94),
(154, 1),
(154, 71),
(155, 44),
(155, 91),
(156, 23),
(157, 1),
(157, 91),
(157, 19),
(158, 15),
(158, 92),
(158, 110),
(159, 121),
(159, 10),
(159, 60),
(160, 20),
(161, 68),
(161, 97),
(162, 79),
(162, 81),
(162, 78),
(163, 71),
(163, 48),
(164, 110),
(164, 41),
(165, 99),
(166, 114),
(166, 18),
(166, 22),
(167, 24),
(167, 87),
(168, 86),
(169, 13),
(169, 121),
(169, 24),
(170, 119),
(171, 108),
(171, 96),
(172, 45),
(173, 52),
(174, 26),
(174, 7),
(174, 91),
(175, 70),
(175, 89),
(175, 55),
(176, 34),
(176, 65),
(176, 86),
(177, 94),
(177, 29),
(178, 118),
(178, 104),
(178, 56),
(179, 73),
(179, 115),
(180, 66),
(180, 5),
(181, 9),
(182, 28),
(183, 54),
(183, 119),
(183, 10),
(184, 112),
(184, 11),
(184, 58),
(185, 118),
(186, 29),
(186, 94),
(186, 108),
(187, 104),
(187, 7),
(187, 90),
(188, 121),
(188, 19),
(188, 107),
(189, 106),
(190, 27),
(190, 121),
(190, 35),
(191, 21),
(192, 70),
(192, 73),
(192, 118),
(193, 33),
(193, 59),
(194, 72),
(194, 20),
(194, 102),
(195, 55),
(195, 68),
(195, 108),
(196, 18),
(196, 101),
(197, 2),
(197, 67),
(197, 54),
(198, 78),
(199, 15),
(199, 52),
(200, 51),
(200, 60),
(201, 71),
(201, 27),
(202, 50),
(202, 15),
(202, 47),
(203, 75),
(204, 109),
(204, 56),
(205, 28),
(206, 87),
(207, 82),
(207, 50),
(207, 26),
(208, 91),
(208, 22),
(208, 9),
(209, 44),
(209, 12),
(210, 57),
(211, 28),
(211, 23),
(212, 57),
(213, 97),
(213, 33),
(214, 62),
(214, 70),
(214, 67),
(215, 95),
(215, 17),
(215, 38),
(216, 108),
(216, 112),
(216, 65),
(217, 76),
(217, 78),
(218, 119),
(218, 7),
(219, 76),
(219, 60),
(220, 52),
(221, 50),
(222, 64),
(223, 87),
(223, 18),
(223, 34),
(224, 99),
(224, 55),
(225, 1),
(225, 114),
(225, 107),
(226, 4),
(226, 42),
(226, 99),
(227, 59),
(227, 52),
(228, 18),
(228, 64),
(229, 64),
(230, 75),
(231, 5),
(231, 4),
(232, 42),
(232, 109),
(232, 40),
(233, 16),
(233, 101),
(233, 20),
(234, 50),
(234, 102),
(235, 55),
(235, 102),
(235, 71),
(236, 112),
(236, 40),
(237, 17),
(238, 103),
(239, 123),
(239, 52),
(239, 42),
(240, 117),
(240, 45),
(241, 87),
(242, 76),
(243, 39),
(243, 56),
(243, 119),
(244, 35),
(244, 61),
(244, 64),
(245, 29),
(245, 12),
(246, 101),
(246, 38),
(247, 56),
(247, 103),
(248, 35),
(248, 121),
(248, 18),
(249, 75),
(249, 107),
(249, 19),
(250, 4),
(250, 64),
(251, 115);

/*Movimientos de cada Pokémon*/
/*Estos datos se han introducido de forma aleatoria porque la dimensión del trabajo no se ajustaba en tiempo y esfuerzo a lo requerido, pero nos gustaría poder ajustarlo al propio juego en el futuro.*/
/*Para generar el script aleatorio hemos creado un pequeño programa en Java que coge todos los Pokémon y les asigna entre 4 y 10 movimientos aleatorios de entre todos los disponibles

		final int NUMERO_DE_POKEMON = 251;
        final int NUMERO_DE_MOVIMIENTOS = 354;
        System.out.println("INSERT INTO aprende (id_pokemon, id_movimiento) VALUES");
        for (int id_pokemon = 1; id_pokemon <= NUMERO_DE_POKEMON ; id_pokemon++) {
            int cantidadDeMovimientos = (int) (Math.random()*7+4);
            int[] movimientos = new int[cantidadDeMovimientos];
            for (int i = 0; i < cantidadDeMovimientos ; i++) {
                movimientos[i] = (int) (Math.random()*NUMERO_DE_MOVIMIENTOS+1);
                for (int j=0; j<i; j++){
                    //Si el número se ha repetido, le restamos uno a la variable i para repetir esa iteración hasta que no se repita
                    if (movimientos[i] == movimientos[j]) {
                        i--;
                        break;
                    }
                }
            }
            for (int id_movimiento : movimientos){
                System.out.println("("+id_pokemon+", "+id_movimiento+"),");
            }
        }

*/

INSERT INTO aprende (id_pokemon, id_movimiento) VALUES
(1, 301),
(1, 285),
(1, 118),
(1, 209),
(2, 141),
(2, 244),
(2, 330),
(2, 104),
(2, 345),
(2, 112),
(2, 210),
(2, 296),
(2, 101),
(3, 297),
(3, 50),
(3, 212),
(3, 335),
(3, 14),
(4, 69),
(4, 143),
(4, 136),
(4, 302),
(4, 166),
(4, 63),
(4, 275),
(4, 296),
(4, 59),
(5, 70),
(5, 3),
(5, 295),
(5, 59),
(5, 231),
(5, 87),
(5, 7),
(5, 80),
(5, 351),
(6, 300),
(6, 49),
(6, 126),
(6, 178),
(7, 136),
(7, 212),
(7, 19),
(7, 82),
(7, 78),
(7, 38),
(7, 21),
(8, 351),
(8, 250),
(8, 3),
(8, 86),
(8, 145),
(8, 289),
(8, 114),
(8, 140),
(8, 50),
(8, 338),
(9, 107),
(9, 75),
(9, 239),
(9, 253),
(9, 186),
(10, 191),
(10, 184),
(10, 303),
(10, 260),
(10, 110),
(10, 203),
(10, 41),
(10, 42),
(10, 188),
(10, 114),
(11, 60),
(11, 324),
(11, 338),
(11, 189),
(11, 272),
(11, 164),
(12, 200),
(12, 351),
(12, 4),
(12, 233),
(12, 195),
(12, 34),
(12, 7),
(13, 6),
(13, 116),
(13, 276),
(13, 14),
(13, 201),
(13, 115),
(13, 278),
(13, 23),
(13, 57),
(14, 26),
(14, 159),
(14, 300),
(14, 180),
(14, 136),
(15, 37),
(15, 42),
(15, 206),
(15, 106),
(16, 28),
(16, 197),
(16, 219),
(16, 211),
(16, 312),
(16, 262),
(16, 64),
(16, 150),
(16, 208),
(17, 172),
(17, 150),
(17, 138),
(17, 126),
(17, 167),
(17, 217),
(17, 82),
(17, 164),
(17, 221),
(17, 302),
(18, 24),
(18, 133),
(18, 240),
(18, 20),
(18, 36),
(18, 59),
(18, 331),
(18, 127),
(18, 25),
(18, 122),
(19, 344),
(19, 261),
(19, 67),
(19, 293),
(19, 284),
(19, 274),
(19, 107),
(20, 336),
(20, 248),
(20, 260),
(20, 143),
(20, 269),
(20, 91),
(20, 57),
(20, 274),
(20, 10),
(21, 279),
(21, 290),
(21, 15),
(21, 264),
(21, 169),
(21, 201),
(21, 8),
(22, 52),
(22, 299),
(22, 261),
(22, 169),
(22, 115),
(22, 142),
(22, 19),
(22, 163),
(23, 23),
(23, 142),
(23, 223),
(23, 241),
(23, 239),
(23, 92),
(24, 70),
(24, 105),
(24, 343),
(24, 76),
(24, 314),
(24, 307),
(24, 133),
(24, 92),
(24, 117),
(24, 298),
(25, 35),
(25, 13),
(25, 218),
(25, 346),
(25, 262),
(26, 135),
(26, 168),
(26, 211),
(26, 110),
(26, 347),
(27, 340),
(27, 6),
(27, 231),
(27, 224),
(27, 73),
(27, 216),
(27, 36),
(27, 9),
(28, 37),
(28, 75),
(28, 244),
(28, 188),
(28, 11),
(28, 264),
(28, 178),
(29, 344),
(29, 335),
(29, 289),
(29, 141),
(29, 11),
(30, 209),
(30, 249),
(30, 128),
(30, 33),
(30, 85),
(30, 254),
(30, 105),
(31, 318),
(31, 209),
(31, 251),
(31, 335),
(31, 146),
(32, 242),
(32, 37),
(32, 33),
(32, 281),
(32, 234),
(32, 196),
(32, 331),
(32, 4),
(33, 307),
(33, 246),
(33, 290),
(33, 130),
(33, 2),
(33, 11),
(33, 64),
(33, 320),
(33, 304),
(34, 150),
(34, 153),
(34, 66),
(34, 177),
(34, 247),
(34, 192),
(34, 250),
(34, 325),
(35, 271),
(35, 19),
(35, 172),
(35, 153),
(35, 253),
(35, 88),
(36, 127),
(36, 262),
(36, 288),
(36, 180),
(36, 46),
(36, 226),
(36, 39),
(36, 8),
(36, 91),
(37, 211),
(37, 189),
(37, 175),
(37, 216),
(37, 238),
(37, 142),
(38, 160),
(38, 26),
(38, 88),
(38, 64),
(38, 136),
(38, 32),
(39, 240),
(39, 282),
(39, 210),
(39, 284),
(40, 236),
(40, 200),
(40, 182),
(40, 290),
(40, 219),
(40, 252),
(40, 169),
(40, 25),
(40, 301),
(40, 118),
(41, 182),
(41, 35),
(41, 332),
(41, 140),
(42, 318),
(42, 145),
(42, 255),
(42, 275),
(42, 150),
(42, 347),
(42, 178),
(42, 18),
(42, 307),
(42, 170),
(43, 256),
(43, 335),
(43, 301),
(43, 116),
(43, 33),
(43, 119),
(43, 76),
(43, 80),
(44, 4),
(44, 105),
(44, 153),
(44, 195),
(44, 100),
(45, 308),
(45, 279),
(45, 16),
(45, 96),
(45, 244),
(45, 288),
(45, 40),
(46, 116),
(46, 251),
(46, 279),
(46, 179),
(46, 290),
(46, 284),
(47, 39),
(47, 195),
(47, 300),
(47, 249),
(47, 138),
(47, 280),
(47, 271),
(47, 206),
(47, 86),
(48, 110),
(48, 352),
(48, 237),
(48, 32),
(48, 263),
(48, 350),
(48, 293),
(49, 220),
(49, 260),
(49, 263),
(49, 327),
(50, 27),
(50, 124),
(50, 196),
(50, 249),
(50, 22),
(50, 193),
(50, 294),
(51, 256),
(51, 210),
(51, 147),
(51, 274),
(51, 150),
(52, 110),
(52, 209),
(52, 296),
(52, 295),
(52, 101),
(53, 113),
(53, 123),
(53, 160),
(53, 343),
(53, 268),
(53, 336),
(53, 141),
(53, 49),
(54, 271),
(54, 223),
(54, 126),
(54, 226),
(55, 314),
(55, 128),
(55, 175),
(55, 59),
(55, 268),
(55, 303),
(56, 348),
(56, 145),
(56, 141),
(56, 208),
(56, 190),
(56, 251),
(56, 277),
(56, 226),
(57, 306),
(57, 177),
(57, 189),
(57, 235),
(57, 302),
(57, 335),
(58, 228),
(58, 91),
(58, 232),
(58, 238),
(58, 77),
(58, 291),
(58, 352),
(58, 304),
(59, 353),
(59, 160),
(59, 87),
(59, 342),
(59, 293),
(60, 313),
(60, 58),
(60, 143),
(60, 15),
(60, 276),
(60, 44),
(60, 157),
(60, 323),
(60, 263),
(61, 63),
(61, 92),
(61, 254),
(61, 224),
(61, 261),
(61, 137),
(61, 59),
(62, 155),
(62, 81),
(62, 338),
(62, 258),
(62, 41),
(63, 11),
(63, 4),
(63, 85),
(63, 279),
(63, 200),
(63, 270),
(64, 188),
(64, 288),
(64, 41),
(64, 50),
(64, 163),
(64, 213),
(64, 312),
(64, 87),
(64, 161),
(64, 11),
(65, 182),
(65, 261),
(65, 204),
(65, 29),
(65, 350),
(65, 274),
(65, 248),
(65, 221),
(66, 32),
(66, 208),
(66, 283),
(66, 40),
(66, 42),
(66, 230),
(66, 15),
(66, 11),
(67, 34),
(67, 162),
(67, 25),
(67, 103),
(67, 287),
(67, 38),
(67, 267),
(67, 33),
(68, 217),
(68, 114),
(68, 251),
(68, 319),
(68, 180),
(68, 179),
(68, 219),
(68, 262),
(69, 137),
(69, 235),
(69, 39),
(69, 274),
(69, 308),
(69, 49),
(69, 175),
(69, 333),
(70, 16),
(70, 228),
(70, 338),
(70, 354),
(70, 347),
(71, 238),
(71, 227),
(71, 206),
(71, 107),
(71, 77),
(71, 194),
(71, 256),
(71, 180),
(72, 152),
(72, 273),
(72, 154),
(72, 33),
(72, 95),
(72, 3),
(72, 296),
(72, 64),
(73, 344),
(73, 322),
(73, 155),
(73, 16),
(73, 308),
(73, 28),
(74, 155),
(74, 148),
(74, 349),
(74, 139),
(75, 144),
(75, 201),
(75, 315),
(75, 213),
(75, 29),
(76, 302),
(76, 225),
(76, 319),
(76, 189),
(76, 176),
(77, 225),
(77, 249),
(77, 96),
(77, 77),
(77, 265),
(77, 202),
(78, 56),
(78, 352),
(78, 181),
(78, 283),
(78, 282),
(78, 271),
(78, 106),
(78, 198),
(78, 266),
(78, 42),
(79, 21),
(79, 40),
(79, 269),
(79, 82),
(79, 91),
(79, 157),
(79, 36),
(79, 107),
(79, 28),
(80, 154),
(80, 23),
(80, 2),
(80, 205),
(80, 257),
(80, 248),
(80, 72),
(80, 179),
(80, 340),
(81, 152),
(81, 304),
(81, 351),
(81, 249),
(81, 340),
(81, 50),
(81, 311),
(81, 293),
(81, 85),
(81, 104),
(82, 83),
(82, 261),
(82, 30),
(82, 58),
(82, 232),
(82, 201),
(82, 106),
(83, 77),
(83, 203),
(83, 32),
(83, 184),
(83, 63),
(83, 60),
(83, 226),
(83, 182),
(83, 348),
(84, 297),
(84, 248),
(84, 66),
(84, 16),
(84, 352),
(84, 137),
(84, 234),
(84, 282),
(84, 246),
(85, 348),
(85, 157),
(85, 85),
(85, 24),
(86, 314),
(86, 170),
(86, 258),
(86, 351),
(86, 312),
(86, 215),
(86, 113),
(87, 263),
(87, 213),
(87, 179),
(87, 244),
(87, 336),
(87, 52),
(87, 264),
(87, 191),
(88, 243),
(88, 9),
(88, 269),
(88, 149),
(88, 317),
(88, 199),
(88, 85),
(88, 245),
(88, 86),
(89, 220),
(89, 201),
(89, 189),
(89, 118),
(89, 9),
(89, 353),
(89, 97),
(90, 268),
(90, 225),
(90, 160),
(90, 285),
(90, 6),
(90, 295),
(90, 309),
(90, 72),
(90, 172),
(90, 319),
(91, 69),
(91, 279),
(91, 104),
(91, 72),
(91, 179),
(91, 34),
(91, 287),
(92, 200),
(92, 301),
(92, 249),
(92, 151),
(92, 297),
(92, 177),
(92, 12),
(92, 150),
(92, 71),
(93, 181),
(93, 152),
(93, 171),
(93, 297),
(93, 184),
(93, 61),
(94, 121),
(94, 22),
(94, 164),
(94, 5),
(95, 293),
(95, 288),
(95, 270),
(95, 10),
(95, 236),
(95, 13),
(95, 120),
(95, 189),
(96, 134),
(96, 194),
(96, 322),
(96, 235),
(96, 229),
(96, 170),
(97, 90),
(97, 161),
(97, 153),
(97, 96),
(97, 148),
(97, 77),
(97, 61),
(98, 5),
(98, 263),
(98, 111),
(98, 294),
(98, 158),
(98, 114),
(98, 159),
(99, 90),
(99, 13),
(99, 227),
(99, 206),
(99, 43),
(99, 197),
(99, 273),
(100, 11),
(100, 48),
(100, 80),
(100, 292),
(100, 219),
(100, 227),
(100, 165),
(100, 28),
(100, 231),
(100, 128),
(101, 241),
(101, 30),
(101, 44),
(101, 142),
(102, 346),
(102, 248),
(102, 353),
(102, 214),
(103, 268),
(103, 93),
(103, 344),
(103, 206),
(103, 269),
(104, 255),
(104, 163),
(104, 321),
(104, 291),
(104, 118),
(104, 105),
(104, 12),
(104, 299),
(104, 337),
(105, 211),
(105, 21),
(105, 113),
(105, 342),
(105, 68),
(105, 233),
(106, 110),
(106, 9),
(106, 11),
(106, 225),
(106, 177),
(106, 124),
(107, 283),
(107, 89),
(107, 237),
(107, 304),
(107, 95),
(107, 181),
(107, 200),
(107, 113),
(107, 276),
(107, 110),
(108, 78),
(108, 67),
(108, 44),
(108, 14),
(108, 152),
(108, 284),
(109, 173),
(109, 73),
(109, 47),
(109, 270),
(109, 249),
(109, 245),
(109, 66),
(109, 228),
(109, 207),
(109, 164),
(110, 348),
(110, 74),
(110, 286),
(110, 324),
(110, 119),
(110, 7),
(110, 327),
(110, 237),
(110, 239),
(110, 190),
(111, 209),
(111, 189),
(111, 183),
(111, 220),
(111, 262),
(111, 69),
(111, 228),
(111, 96),
(111, 177),
(111, 81),
(112, 110),
(112, 2),
(112, 82),
(112, 346),
(112, 7),
(112, 34),
(112, 334),
(112, 342),
(113, 178),
(113, 250),
(113, 156),
(113, 140),
(113, 324),
(113, 201),
(113, 115),
(114, 203),
(114, 350),
(114, 275),
(114, 38),
(114, 331),
(114, 17),
(114, 346),
(114, 131),
(115, 229),
(115, 183),
(115, 174),
(115, 309),
(115, 82),
(115, 111),
(115, 73),
(115, 116),
(116, 136),
(116, 68),
(116, 218),
(116, 89),
(116, 165),
(116, 43),
(116, 1),
(117, 227),
(117, 300),
(117, 83),
(117, 146),
(117, 249),
(117, 179),
(117, 238),
(118, 70),
(118, 246),
(118, 216),
(118, 39),
(118, 147),
(118, 161),
(119, 213),
(119, 121),
(119, 347),
(119, 199),
(119, 281),
(119, 164),
(119, 148),
(119, 96),
(119, 343),
(120, 232),
(120, 110),
(120, 59),
(120, 25),
(120, 278),
(120, 334),
(120, 72),
(121, 137),
(121, 192),
(121, 59),
(121, 350),
(121, 63),
(121, 70),
(121, 135),
(121, 22),
(121, 219),
(121, 159),
(122, 340),
(122, 332),
(122, 103),
(122, 8),
(122, 119),
(123, 51),
(123, 106),
(123, 82),
(123, 227),
(123, 351),
(123, 216),
(123, 263),
(123, 30),
(123, 172),
(124, 69),
(124, 187),
(124, 142),
(124, 328),
(124, 24),
(124, 174),
(124, 121),
(125, 42),
(125, 134),
(125, 16),
(125, 276),
(125, 54),
(125, 333),
(126, 258),
(126, 165),
(126, 79),
(126, 3),
(126, 350),
(126, 37),
(127, 277),
(127, 353),
(127, 274),
(127, 157),
(127, 159),
(127, 161),
(127, 192),
(127, 283),
(127, 193),
(128, 133),
(128, 280),
(128, 253),
(128, 306),
(128, 172),
(128, 197),
(128, 182),
(128, 350),
(128, 81),
(128, 324),
(129, 278),
(129, 337),
(129, 55),
(129, 137),
(129, 3),
(130, 87),
(130, 165),
(130, 12),
(130, 102),
(130, 189),
(130, 195),
(130, 185),
(131, 16),
(131, 270),
(131, 117),
(131, 75),
(131, 193),
(131, 93),
(131, 218),
(131, 172),
(131, 243),
(132, 179),
(132, 230),
(132, 215),
(132, 297),
(132, 282),
(132, 69),
(133, 67),
(133, 230),
(133, 271),
(133, 197),
(133, 264),
(133, 129),
(133, 247),
(133, 143),
(134, 325),
(134, 250),
(134, 148),
(134, 266),
(134, 45),
(134, 91),
(134, 130),
(134, 3),
(134, 328),
(134, 346),
(135, 202),
(135, 189),
(135, 129),
(135, 325),
(136, 332),
(136, 175),
(136, 99),
(136, 229),
(137, 267),
(137, 337),
(137, 52),
(137, 90),
(137, 256),
(137, 340),
(137, 343),
(138, 93),
(138, 142),
(138, 307),
(138, 196),
(138, 144),
(138, 174),
(138, 41),
(138, 81),
(139, 327),
(139, 31),
(139, 23),
(139, 298),
(139, 7),
(140, 25),
(140, 102),
(140, 329),
(140, 214),
(140, 280),
(140, 252),
(140, 225),
(140, 112),
(140, 353),
(140, 71),
(141, 73),
(141, 85),
(141, 308),
(141, 261),
(141, 230),
(142, 172),
(142, 30),
(142, 330),
(142, 115),
(143, 121),
(143, 339),
(143, 43),
(143, 103),
(143, 76),
(143, 306),
(143, 134),
(143, 212),
(144, 107),
(144, 11),
(144, 8),
(144, 143),
(144, 339),
(144, 181),
(145, 12),
(145, 142),
(145, 82),
(145, 53),
(145, 197),
(145, 264),
(145, 248),
(145, 342),
(146, 216),
(146, 293),
(146, 207),
(146, 64),
(146, 318),
(147, 280),
(147, 51),
(147, 143),
(147, 2),
(147, 136),
(147, 14),
(148, 50),
(148, 261),
(148, 76),
(148, 84),
(148, 265),
(148, 39),
(148, 269),
(148, 259),
(148, 27),
(148, 104),
(149, 164),
(149, 191),
(149, 95),
(149, 131),
(149, 35),
(149, 185),
(149, 220),
(149, 125),
(149, 323),
(149, 270),
(150, 176),
(150, 316),
(150, 117),
(150, 337),
(150, 321),
(151, 283),
(151, 9),
(151, 263),
(151, 113),
(151, 214),
(152, 230),
(152, 131),
(152, 99),
(152, 8),
(152, 64),
(152, 317),
(152, 298),
(152, 26),
(153, 216),
(153, 315),
(153, 254),
(153, 22),
(153, 170),
(153, 31),
(154, 253),
(154, 278),
(154, 192),
(154, 29),
(154, 238),
(154, 106),
(154, 111),
(154, 68),
(155, 13),
(155, 231),
(155, 156),
(155, 232),
(155, 315),
(155, 298),
(155, 250),
(155, 273),
(155, 27),
(155, 173),
(156, 104),
(156, 50),
(156, 325),
(156, 181),
(156, 228),
(156, 328),
(156, 291),
(156, 40),
(157, 317),
(157, 281),
(157, 263),
(157, 291),
(157, 283),
(157, 116),
(157, 301),
(158, 289),
(158, 323),
(158, 155),
(158, 48),
(159, 176),
(159, 82),
(159, 240),
(159, 143),
(159, 7),
(159, 245),
(159, 57),
(159, 105),
(159, 6),
(159, 268),
(160, 147),
(160, 121),
(160, 43),
(160, 138),
(160, 319),
(160, 284),
(160, 253),
(160, 25),
(161, 51),
(161, 28),
(161, 92),
(161, 226),
(162, 67),
(162, 182),
(162, 328),
(162, 100),
(162, 153),
(163, 23),
(163, 78),
(163, 118),
(163, 55),
(163, 282),
(164, 303),
(164, 188),
(164, 308),
(164, 75),
(164, 8),
(164, 50),
(164, 307),
(164, 57),
(165, 163),
(165, 152),
(165, 56),
(165, 93),
(165, 23),
(165, 168),
(165, 19),
(165, 197),
(165, 175),
(165, 5),
(166, 354),
(166, 168),
(166, 296),
(166, 233),
(167, 353),
(167, 163),
(167, 57),
(167, 73),
(167, 277),
(167, 161),
(168, 54),
(168, 279),
(168, 134),
(168, 117),
(168, 121),
(168, 21),
(168, 160),
(168, 229),
(168, 318),
(168, 321),
(169, 121),
(169, 225),
(169, 186),
(169, 85),
(169, 47),
(170, 204),
(170, 229),
(170, 10),
(170, 257),
(171, 81),
(171, 255),
(171, 103),
(171, 174),
(171, 152),
(171, 178),
(171, 223),
(171, 320),
(171, 187),
(172, 124),
(172, 299),
(172, 85),
(172, 348),
(173, 158),
(173, 293),
(173, 277),
(173, 175),
(174, 131),
(174, 153),
(174, 279),
(174, 105),
(174, 309),
(174, 84),
(174, 346),
(174, 17),
(174, 173),
(175, 298),
(175, 84),
(175, 93),
(175, 66),
(175, 39),
(175, 156),
(175, 152),
(176, 273),
(176, 9),
(176, 177),
(176, 7),
(176, 120),
(176, 239),
(176, 20),
(176, 293),
(176, 278),
(176, 242),
(177, 346),
(177, 233),
(177, 61),
(177, 165),
(177, 316),
(177, 324),
(177, 263),
(178, 90),
(178, 302),
(178, 50),
(178, 65),
(178, 321),
(178, 204),
(178, 180),
(178, 291),
(178, 234),
(179, 105),
(179, 33),
(179, 141),
(179, 163),
(179, 212),
(179, 349),
(180, 259),
(180, 219),
(180, 69),
(180, 183),
(180, 308),
(180, 114),
(180, 16),
(180, 23),
(181, 277),
(181, 188),
(181, 206),
(181, 309),
(181, 230),
(181, 126),
(181, 49),
(181, 320),
(181, 69),
(181, 282),
(182, 322),
(182, 301),
(182, 7),
(182, 266),
(182, 218),
(182, 277),
(182, 173),
(182, 174),
(182, 11),
(183, 123),
(183, 237),
(183, 333),
(183, 232),
(183, 318),
(183, 321),
(183, 59),
(183, 16),
(183, 181),
(184, 114),
(184, 196),
(184, 8),
(184, 304),
(184, 131),
(184, 330),
(184, 76),
(184, 197),
(185, 275),
(185, 244),
(185, 285),
(185, 154),
(185, 335),
(185, 145),
(186, 217),
(186, 238),
(186, 204),
(186, 254),
(186, 344),
(186, 109),
(186, 284),
(186, 326),
(186, 223),
(186, 52),
(187, 314),
(187, 224),
(187, 234),
(187, 320),
(187, 70),
(187, 174),
(187, 38),
(188, 118),
(188, 83),
(188, 159),
(188, 246),
(188, 266),
(188, 63),
(188, 274),
(188, 247),
(188, 284),
(188, 237),
(189, 244),
(189, 178),
(189, 165),
(189, 199),
(189, 175),
(189, 296),
(189, 322),
(190, 73),
(190, 163),
(190, 154),
(190, 4),
(191, 107),
(191, 319),
(191, 238),
(191, 343),
(191, 31),
(191, 91),
(191, 278),
(191, 65),
(191, 64),
(191, 14),
(192, 134),
(192, 98),
(192, 48),
(192, 117),
(192, 76),
(192, 196),
(192, 174),
(193, 184),
(193, 146),
(193, 169),
(193, 265),
(193, 206),
(193, 203),
(193, 328),
(193, 208),
(193, 271),
(194, 335),
(194, 232),
(194, 282),
(194, 280),
(194, 349),
(194, 25),
(195, 122),
(195, 259),
(195, 87),
(195, 58),
(195, 238),
(196, 88),
(196, 350),
(196, 327),
(196, 203),
(196, 11),
(196, 66),
(196, 115),
(196, 156),
(196, 325),
(196, 231),
(197, 141),
(197, 343),
(197, 140),
(197, 245),
(198, 273),
(198, 72),
(198, 229),
(198, 214),
(198, 344),
(198, 242),
(198, 287),
(198, 335),
(199, 159),
(199, 208),
(199, 113),
(199, 352),
(199, 193),
(199, 299),
(200, 223),
(200, 267),
(200, 181),
(200, 65),
(200, 76),
(200, 303),
(200, 353),
(200, 12),
(200, 231),
(201, 178),
(201, 187),
(201, 342),
(201, 21),
(201, 193),
(201, 206),
(202, 196),
(202, 166),
(202, 328),
(202, 160),
(203, 185),
(203, 180),
(203, 160),
(203, 24),
(203, 161),
(203, 22),
(203, 314),
(203, 20),
(203, 303),
(203, 235),
(204, 229),
(204, 165),
(204, 134),
(204, 56),
(205, 272),
(205, 302),
(205, 171),
(205, 198),
(205, 10),
(206, 296),
(206, 53),
(206, 69),
(206, 220),
(206, 80),
(206, 130),
(206, 79),
(207, 42),
(207, 100),
(207, 164),
(207, 299),
(207, 37),
(207, 170),
(207, 179),
(207, 23),
(207, 253),
(208, 178),
(208, 346),
(208, 313),
(208, 34),
(208, 150),
(208, 198),
(209, 305),
(209, 250),
(209, 27),
(209, 107),
(209, 213),
(209, 312),
(209, 176),
(209, 146),
(209, 129),
(210, 196),
(210, 70),
(210, 324),
(210, 341),
(210, 228),
(210, 232),
(211, 211),
(211, 321),
(211, 157),
(211, 37),
(211, 174),
(211, 339),
(211, 305),
(211, 70),
(211, 191),
(211, 331),
(212, 296),
(212, 306),
(212, 293),
(212, 121),
(212, 282),
(212, 255),
(212, 67),
(212, 182),
(213, 287),
(213, 266),
(213, 97),
(213, 343),
(213, 44),
(213, 238),
(213, 9),
(214, 43),
(214, 212),
(214, 52),
(214, 94),
(214, 242),
(214, 8),
(214, 309),
(214, 178),
(214, 173),
(214, 306),
(215, 69),
(215, 217),
(215, 251),
(215, 98),
(215, 112),
(215, 6),
(215, 171),
(215, 256),
(216, 83),
(216, 347),
(216, 218),
(216, 89),
(217, 50),
(217, 303),
(217, 259),
(217, 31),
(218, 187),
(218, 98),
(218, 124),
(218, 69),
(218, 319),
(218, 139),
(218, 158),
(219, 34),
(219, 225),
(219, 284),
(219, 195),
(219, 156),
(219, 96),
(220, 215),
(220, 11),
(220, 126),
(220, 48),
(220, 60),
(220, 350),
(220, 166),
(220, 159),
(221, 16),
(221, 352),
(221, 148),
(221, 21),
(221, 197),
(221, 3),
(221, 131),
(221, 119),
(222, 209),
(222, 76),
(222, 316),
(222, 34),
(222, 182),
(222, 94),
(222, 201),
(222, 300),
(222, 73),
(223, 213),
(223, 216),
(223, 349),
(223, 129),
(223, 186),
(223, 138),
(223, 115),
(223, 221),
(223, 330),
(224, 63),
(224, 288),
(224, 150),
(224, 298),
(224, 69),
(224, 227),
(225, 198),
(225, 214),
(225, 125),
(225, 98),
(225, 335),
(225, 42),
(225, 223),
(226, 62),
(226, 114),
(226, 93),
(226, 299),
(226, 201),
(226, 297),
(226, 38),
(226, 200),
(226, 302),
(226, 231),
(227, 91),
(227, 212),
(227, 231),
(227, 26),
(227, 177),
(227, 342),
(227, 288),
(227, 20),
(228, 93),
(228, 110),
(228, 202),
(228, 216),
(228, 34),
(229, 274),
(229, 238),
(229, 185),
(229, 183),
(229, 73),
(229, 338),
(229, 24),
(229, 112),
(229, 175),
(229, 174),
(230, 352),
(230, 278),
(230, 21),
(230, 120),
(230, 154),
(230, 192),
(230, 16),
(230, 78),
(230, 130),
(230, 311),
(231, 155),
(231, 65),
(231, 234),
(231, 207),
(231, 174),
(231, 210),
(232, 56),
(232, 81),
(232, 129),
(232, 287),
(232, 158),
(232, 134),
(232, 15),
(232, 235),
(233, 68),
(233, 30),
(233, 206),
(233, 24),
(233, 3),
(233, 227),
(234, 289),
(234, 346),
(234, 269),
(234, 81),
(234, 155),
(234, 90),
(234, 238),
(234, 74),
(234, 332),
(235, 158),
(235, 134),
(235, 283),
(235, 128),
(235, 52),
(235, 112),
(235, 198),
(235, 44),
(235, 180),
(235, 319),
(236, 293),
(236, 294),
(236, 201),
(236, 298),
(236, 307),
(236, 313),
(236, 202),
(236, 134),
(237, 125),
(237, 15),
(237, 49),
(237, 210),
(237, 151),
(237, 150),
(237, 41),
(237, 142),
(237, 1),
(238, 260),
(238, 57),
(238, 40),
(238, 353),
(239, 304),
(239, 26),
(239, 93),
(239, 110),
(239, 204),
(239, 29),
(239, 292),
(240, 51),
(240, 331),
(240, 15),
(240, 143),
(240, 168),
(240, 286),
(240, 310),
(240, 94),
(240, 225),
(240, 171),
(241, 258),
(241, 299),
(241, 301),
(241, 244),
(241, 24),
(242, 152),
(242, 241),
(242, 256),
(242, 341),
(242, 165),
(242, 183),
(243, 162),
(243, 242),
(243, 48),
(243, 68),
(243, 229),
(243, 59),
(243, 44),
(243, 334),
(244, 309),
(244, 281),
(244, 234),
(244, 70),
(244, 320),
(245, 257),
(245, 43),
(245, 307),
(245, 156),
(246, 349),
(246, 323),
(246, 240),
(246, 239),
(246, 93),
(246, 252),
(246, 231),
(246, 13),
(246, 197),
(246, 220),
(247, 81),
(247, 60),
(247, 128),
(247, 104),
(247, 294),
(247, 226),
(247, 48),
(247, 84),
(247, 215),
(248, 290),
(248, 176),
(248, 301),
(248, 96),
(248, 327),
(248, 25),
(248, 198),
(248, 149),
(248, 127),
(248, 203),
(249, 210),
(249, 223),
(249, 253),
(249, 90),
(249, 289),
(250, 184),
(250, 54),
(250, 354),
(250, 65),
(250, 263),
(250, 11),
(250, 321),
(250, 85),
(250, 48),
(250, 87),
(251, 217),
(251, 314),
(251, 1),
(251, 277),
(251, 78),
(251, 296),
(251, 331),
(251, 9),
(251, 62);