{"IcoMoonType":"selection","icons":[{"icon":{"paths":["M1024 590.444l-512-397.426-512 397.428v-162.038l512-397.426 512 397.428zM896 576v384h-256v-256h-256v256h-256v-384l384-288z"],"tags":["home","house"],"defaultCode":59648,"grid":16,"attrs":[]},"attrs":[],"properties":{"ligatures":"home, house","name":"home","order":4,"id":1,"prevSize":32,"code":59648},"setIdx":0,"setId":1,"iconIdx":0},{"icon":{"width":1408,"paths":["M0 192h896v192h-896v-192zM0 448h896v192h-896v-192zM0 704h896v192h-896v-192z","M992 448l192 192 192-192z"],"tags":["menu","options","hamburger"],"defaultCode":59839,"grid":16,"attrs":[]},"attrs":[],"properties":{"ligatures":"menu3, options3","name":"menu3","order":2,"id":192,"prevSize":32,"code":59839},"setIdx":0,"setId":1,"iconIdx":191},{"icon":{"width":1408,"paths":["M0 192h896v192h-896v-192zM0 448h896v192h-896v-192zM0 704h896v192h-896v-192z","M992 640l192-192 192 192z"],"tags":["menu","options","hamburger"],"defaultCode":59840,"grid":16,"attrs":[]},"attrs":[],"properties":{"ligatures":"menu4, options4","name":"menu4","order":3,"id":193,"prevSize":32,"code":59840},"setIdx":0,"setId":1,"iconIdx":192}],"height":1024,"metadata":{"name":"icomoon"},"preferences":{"showGlyphs":true,"showQuickUse":true,"showQuickUse2":true,"showSVGs":true,"fontPref":{"prefix":"icon-","metadata":{"fontFamily":"icomoon"},"metrics":{"emSize":1024,"baseline":6.25,"whitespace":50},"embed":false},"imagePref":{"prefix":"icon-","png":true,"useClassSelector":true,"color":0,"bgColor":16777215,"classSelector":".icon"},"historySize":50,"showCodes":true,"gridSize":16}}